id,domain,status,acceptance
1,backend,Open,Validate and implement with tests/evidence
2,frontend,Open,Validate and implement with tests/evidence
3,voice_scan,Open,Validate and implement with tests/evidence
4,prediction,Open,Validate and implement with tests/evidence
5,medicine,Open,Validate and implement with tests/evidence
6,rag,Open,Validate and implement with tests/evidence
7,safety,Open,Validate and implement with tests/evidence
8,security,Open,Validate and implement with tests/evidence
9,data,Open,Validate and implement with tests/evidence
10,devops,Open,Validate and implement with tests/evidence
11,backend,Open,Validate and implement with tests/evidence
12,frontend,Open,Validate and implement with tests/evidence
13,voice_scan,Open,Validate and implement with tests/evidence
14,prediction,Open,Validate and implement with tests/evidence
15,medicine,Open,Validate and implement with tests/evidence
16,rag,Open,Validate and implement with tests/evidence
17,safety,Open,Validate and implement with tests/evidence
18,security,Open,Validate and implement with tests/evidence
19,data,Open,Validate and implement with tests/evidence
20,devops,Open,Validate and implement with tests/evidence
21,backend,Open,Validate and implement with tests/evidence
22,frontend,Open,Validate and implement with tests/evidence
23,voice_scan,Open,Validate and implement with tests/evidence
24,prediction,Open,Validate and implement with tests/evidence
25,medicine,Open,Validate and implement with tests/evidence
26,rag,Open,Validate and implement with tests/evidence
27,safety,Open,Validate and implement with tests/evidence
28,security,Open,Validate and implement with tests/evidence
29,data,Open,Validate and implement with tests/evidence
30,devops,Open,Validate and implement with tests/evidence
31,backend,Open,Validate and implement with tests/evidence
32,frontend,Open,Validate and implement with tests/evidence
33,voice_scan,Open,Validate and implement with tests/evidence
34,prediction,Open,Validate and implement with tests/evidence
35,medicine,Open,Validate and implement with tests/evidence
36,rag,Open,Validate and implement with tests/evidence
37,safety,Open,Validate and implement with tests/evidence
38,security,Open,Validate and implement with tests/evidence
39,data,Open,Validate and implement with tests/evidence
40,devops,Open,Validate and implement with tests/evidence
41,backend,Open,Validate and implement with tests/evidence
42,frontend,Open,Validate and implement with tests/evidence
43,voice_scan,Open,Validate and implement with tests/evidence
44,prediction,Open,Validate and implement with tests/evidence
45,medicine,Open,Validate and implement with tests/evidence
46,rag,Open,Validate and implement with tests/evidence
47,safety,Open,Validate and implement with tests/evidence
48,security,Open,Validate and implement with tests/evidence
49,data,Open,Validate and implement with tests/evidence
50,devops,Open,Validate and implement with tests/evidence
51,backend,Open,Validate and implement with tests/evidence
52,frontend,Open,Validate and implement with tests/evidence
53,voice_scan,Open,Validate and implement with tests/evidence
54,prediction,Open,Validate and implement with tests/evidence
55,medicine,Open,Validate and implement with tests/evidence
56,rag,Open,Validate and implement with tests/evidence
57,safety,Open,Validate and implement with tests/evidence
58,security,Open,Validate and implement with tests/evidence
59,data,Open,Validate and implement with tests/evidence
60,devops,Open,Validate and implement with tests/evidence
61,backend,Open,Validate and implement with tests/evidence
62,frontend,Open,Validate and implement with tests/evidence
63,voice_scan,Open,Validate and implement with tests/evidence
64,prediction,Open,Validate and implement with tests/evidence
65,medicine,Open,Validate and implement with tests/evidence
66,rag,Open,Validate and implement with tests/evidence
67,safety,Open,Validate and implement with tests/evidence
68,security,Open,Validate and implement with tests/evidence
69,data,Open,Validate and implement with tests/evidence
70,devops,Open,Validate and implement with tests/evidence
71,backend,Open,Validate and implement with tests/evidence
72,frontend,Open,Validate and implement with tests/evidence
73,voice_scan,Open,Validate and implement with tests/evidence
74,prediction,Open,Validate and implement with tests/evidence
75,medicine,Open,Validate and implement with tests/evidence
76,rag,Open,Validate and implement with tests/evidence
77,safety,Open,Validate and implement with tests/evidence
78,security,Open,Validate and implement with tests/evidence
79,data,Open,Validate and implement with tests/evidence
80,devops,Open,Validate and implement with tests/evidence
81,backend,Open,Validate and implement with tests/evidence
82,frontend,Open,Validate and implement with tests/evidence
83,voice_scan,Open,Validate and implement with tests/evidence
84,prediction,Open,Validate and implement with tests/evidence
85,medicine,Open,Validate and implement with tests/evidence
86,rag,Open,Validate and implement with tests/evidence
87,safety,Open,Validate and implement with tests/evidence
88,security,Open,Validate and implement with tests/evidence
89,data,Open,Validate and implement with tests/evidence
90,devops,Open,Validate and implement with tests/evidence
91,backend,Open,Validate and implement with tests/evidence
92,frontend,Open,Validate and implement with tests/evidence
93,voice_scan,Open,Validate and implement with tests/evidence
94,prediction,Open,Validate and implement with tests/evidence
95,medicine,Open,Validate and implement with tests/evidence
96,rag,Open,Validate and implement with tests/evidence
97,safety,Open,Validate and implement with tests/evidence
98,security,Open,Validate and implement with tests/evidence
99,data,Open,Validate and implement with tests/evidence
100,devops,Open,Validate and implement with tests/evidence
101,backend,Open,Validate and implement with tests/evidence
102,frontend,Open,Validate and implement with tests/evidence
103,voice_scan,Open,Validate and implement with tests/evidence
104,prediction,Open,Validate and implement with tests/evidence
105,medicine,Open,Validate and implement with tests/evidence
106,rag,Open,Validate and implement with tests/evidence
107,safety,Open,Validate and implement with tests/evidence
108,security,Open,Validate and implement with tests/evidence
109,data,Open,Validate and implement with tests/evidence
110,devops,Open,Validate and implement with tests/evidence
111,backend,Open,Validate and implement with tests/evidence
112,frontend,Open,Validate and implement with tests/evidence
113,voice_scan,Open,Validate and implement with tests/evidence
114,prediction,Open,Validate and implement with tests/evidence
115,medicine,Open,Validate and implement with tests/evidence
116,rag,Open,Validate and implement with tests/evidence
117,safety,Open,Validate and implement with tests/evidence
118,security,Open,Validate and implement with tests/evidence
119,data,Open,Validate and implement with tests/evidence
120,devops,Open,Validate and implement with tests/evidence
121,backend,Open,Validate and implement with tests/evidence
122,frontend,Open,Validate and implement with tests/evidence
123,voice_scan,Open,Validate and implement with tests/evidence
124,prediction,Open,Validate and implement with tests/evidence
125,medicine,Open,Validate and implement with tests/evidence
126,rag,Open,Validate and implement with tests/evidence
127,safety,Open,Validate and implement with tests/evidence
128,security,Open,Validate and implement with tests/evidence
129,data,Open,Validate and implement with tests/evidence
130,devops,Open,Validate and implement with tests/evidence
131,backend,Open,Validate and implement with tests/evidence
132,frontend,Open,Validate and implement with tests/evidence
133,voice_scan,Open,Validate and implement with tests/evidence
134,prediction,Open,Validate and implement with tests/evidence
135,medicine,Open,Validate and implement with tests/evidence
136,rag,Open,Validate and implement with tests/evidence
137,safety,Open,Validate and implement with tests/evidence
138,security,Open,Validate and implement with tests/evidence
139,data,Open,Validate and implement with tests/evidence
140,devops,Open,Validate and implement with tests/evidence
141,backend,Open,Validate and implement with tests/evidence
142,frontend,Open,Validate and implement with tests/evidence
143,voice_scan,Open,Validate and implement with tests/evidence
144,prediction,Open,Validate and implement with tests/evidence
145,medicine,Open,Validate and implement with tests/evidence
146,rag,Open,Validate and implement with tests/evidence
147,safety,Open,Validate and implement with tests/evidence
148,security,Open,Validate and implement with tests/evidence
149,data,Open,Validate and implement with tests/evidence
150,devops,Open,Validate and implement with tests/evidence
151,backend,Open,Validate and implement with tests/evidence
152,frontend,Open,Validate and implement with tests/evidence
153,voice_scan,Open,Validate and implement with tests/evidence
154,prediction,Open,Validate and implement with tests/evidence
155,medicine,Open,Validate and implement with tests/evidence
156,rag,Open,Validate and implement with tests/evidence
157,safety,Open,Validate and implement with tests/evidence
158,security,Open,Validate and implement with tests/evidence
159,data,Open,Validate and implement with tests/evidence
160,devops,Open,Validate and implement with tests/evidence
161,backend,Open,Validate and implement with tests/evidence
162,frontend,Open,Validate and implement with tests/evidence
163,voice_scan,Open,Validate and implement with tests/evidence
164,prediction,Open,Validate and implement with tests/evidence
165,medicine,Open,Validate and implement with tests/evidence
166,rag,Open,Validate and implement with tests/evidence
167,safety,Open,Validate and implement with tests/evidence
168,security,Open,Validate and implement with tests/evidence
169,data,Open,Validate and implement with tests/evidence
170,devops,Open,Validate and implement with tests/evidence
171,backend,Open,Validate and implement with tests/evidence
172,frontend,Open,Validate and implement with tests/evidence
173,voice_scan,Open,Validate and implement with tests/evidence
174,prediction,Open,Validate and implement with tests/evidence
175,medicine,Open,Validate and implement with tests/evidence
176,rag,Open,Validate and implement with tests/evidence
177,safety,Open,Validate and implement with tests/evidence
178,security,Open,Validate and implement with tests/evidence
179,data,Open,Validate and implement with tests/evidence
180,devops,Open,Validate and implement with tests/evidence
181,backend,Open,Validate and implement with tests/evidence
182,frontend,Open,Validate and implement with tests/evidence
183,voice_scan,Open,Validate and implement with tests/evidence
184,prediction,Open,Validate and implement with tests/evidence
185,medicine,Open,Validate and implement with tests/evidence
186,rag,Open,Validate and implement with tests/evidence
187,safety,Open,Validate and implement with tests/evidence
188,security,Open,Validate and implement with tests/evidence
189,data,Open,Validate and implement with tests/evidence
190,devops,Open,Validate and implement with tests/evidence
191,backend,Open,Validate and implement with tests/evidence
192,frontend,Open,Validate and implement with tests/evidence
193,voice_scan,Open,Validate and implement with tests/evidence
194,prediction,Open,Validate and implement with tests/evidence
195,medicine,Open,Validate and implement with tests/evidence
196,rag,Open,Validate and implement with tests/evidence
197,safety,Open,Validate and implement with tests/evidence
198,security,Open,Validate and implement with tests/evidence
199,data,Open,Validate and implement with tests/evidence
200,devops,Open,Validate and implement with tests/evidence
201,backend,Open,Validate and implement with tests/evidence
202,frontend,Open,Validate and implement with tests/evidence
203,voice_scan,Open,Validate and implement with tests/evidence
204,prediction,Open,Validate and implement with tests/evidence
205,medicine,Open,Validate and implement with tests/evidence
206,rag,Open,Validate and implement with tests/evidence
207,safety,Open,Validate and implement with tests/evidence
208,security,Open,Validate and implement with tests/evidence
209,data,Open,Validate and implement with tests/evidence
210,devops,Open,Validate and implement with tests/evidence
211,backend,Open,Validate and implement with tests/evidence
212,frontend,Open,Validate and implement with tests/evidence
213,voice_scan,Open,Validate and implement with tests/evidence
214,prediction,Open,Validate and implement with tests/evidence
215,medicine,Open,Validate and implement with tests/evidence
216,rag,Open,Validate and implement with tests/evidence
217,safety,Open,Validate and implement with tests/evidence
218,security,Open,Validate and implement with tests/evidence
219,data,Open,Validate and implement with tests/evidence
220,devops,Open,Validate and implement with tests/evidence
221,backend,Open,Validate and implement with tests/evidence
222,frontend,Open,Validate and implement with tests/evidence
223,voice_scan,Open,Validate and implement with tests/evidence
224,prediction,Open,Validate and implement with tests/evidence
225,medicine,Open,Validate and implement with tests/evidence
226,rag,Open,Validate and implement with tests/evidence
227,safety,Open,Validate and implement with tests/evidence
228,security,Open,Validate and implement with tests/evidence
229,data,Open,Validate and implement with tests/evidence
230,devops,Open,Validate and implement with tests/evidence
231,backend,Open,Validate and implement with tests/evidence
232,frontend,Open,Validate and implement with tests/evidence
233,voice_scan,Open,Validate and implement with tests/evidence
234,prediction,Open,Validate and implement with tests/evidence
235,medicine,Open,Validate and implement with tests/evidence
236,rag,Open,Validate and implement with tests/evidence
237,safety,Open,Validate and implement with tests/evidence
238,security,Open,Validate and implement with tests/evidence
239,data,Open,Validate and implement with tests/evidence
240,devops,Open,Validate and implement with tests/evidence
241,backend,Open,Validate and implement with tests/evidence
242,frontend,Open,Validate and implement with tests/evidence
243,voice_scan,Open,Validate and implement with tests/evidence
244,prediction,Open,Validate and implement with tests/evidence
245,medicine,Open,Validate and implement with tests/evidence
246,rag,Open,Validate and implement with tests/evidence
247,safety,Open,Validate and implement with tests/evidence
248,security,Open,Validate and implement with tests/evidence
249,data,Open,Validate and implement with tests/evidence
250,devops,Open,Validate and implement with tests/evidence
251,backend,Open,Validate and implement with tests/evidence
252,frontend,Open,Validate and implement with tests/evidence
253,voice_scan,Open,Validate and implement with tests/evidence
254,prediction,Open,Validate and implement with tests/evidence
255,medicine,Open,Validate and implement with tests/evidence
256,rag,Open,Validate and implement with tests/evidence
257,safety,Open,Validate and implement with tests/evidence
258,security,Open,Validate and implement with tests/evidence
259,data,Open,Validate and implement with tests/evidence
260,devops,Open,Validate and implement with tests/evidence
261,backend,Open,Validate and implement with tests/evidence
262,frontend,Open,Validate and implement with tests/evidence
263,voice_scan,Open,Validate and implement with tests/evidence
264,prediction,Open,Validate and implement with tests/evidence
265,medicine,Open,Validate and implement with tests/evidence
266,rag,Open,Validate and implement with tests/evidence
267,safety,Open,Validate and implement with tests/evidence
268,security,Open,Validate and implement with tests/evidence
269,data,Open,Validate and implement with tests/evidence
270,devops,Open,Validate and implement with tests/evidence
271,backend,Open,Validate and implement with tests/evidence
272,frontend,Open,Validate and implement with tests/evidence
273,voice_scan,Open,Validate and implement with tests/evidence
274,prediction,Open,Validate and implement with tests/evidence
275,medicine,Open,Validate and implement with tests/evidence
276,rag,Open,Validate and implement with tests/evidence
277,safety,Open,Validate and implement with tests/evidence
278,security,Open,Validate and implement with tests/evidence
279,data,Open,Validate and implement with tests/evidence
280,devops,Open,Validate and implement with tests/evidence
281,backend,Open,Validate and implement with tests/evidence
282,frontend,Open,Validate and implement with tests/evidence
283,voice_scan,Open,Validate and implement with tests/evidence
284,prediction,Open,Validate and implement with tests/evidence
285,medicine,Open,Validate and implement with tests/evidence
286,rag,Open,Validate and implement with tests/evidence
287,safety,Open,Validate and implement with tests/evidence
288,security,Open,Validate and implement with tests/evidence
289,data,Open,Validate and implement with tests/evidence
290,devops,Open,Validate and implement with tests/evidence
291,backend,Open,Validate and implement with tests/evidence
292,frontend,Open,Validate and implement with tests/evidence
293,voice_scan,Open,Validate and implement with tests/evidence
294,prediction,Open,Validate and implement with tests/evidence
295,medicine,Open,Validate and implement with tests/evidence
296,rag,Open,Validate and implement with tests/evidence
297,safety,Open,Validate and implement with tests/evidence
298,security,Open,Validate and implement with tests/evidence
299,data,Open,Validate and implement with tests/evidence
300,devops,Open,Validate and implement with tests/evidence
301,backend,Open,Validate and implement with tests/evidence
302,frontend,Open,Validate and implement with tests/evidence
303,voice_scan,Open,Validate and implement with tests/evidence
304,prediction,Open,Validate and implement with tests/evidence
305,medicine,Open,Validate and implement with tests/evidence
306,rag,Open,Validate and implement with tests/evidence
307,safety,Open,Validate and implement with tests/evidence
308,security,Open,Validate and implement with tests/evidence
309,data,Open,Validate and implement with tests/evidence
310,devops,Open,Validate and implement with tests/evidence
311,backend,Open,Validate and implement with tests/evidence
312,frontend,Open,Validate and implement with tests/evidence
313,voice_scan,Open,Validate and implement with tests/evidence
314,prediction,Open,Validate and implement with tests/evidence
315,medicine,Open,Validate and implement with tests/evidence
316,rag,Open,Validate and implement with tests/evidence
317,safety,Open,Validate and implement with tests/evidence
318,security,Open,Validate and implement with tests/evidence
319,data,Open,Validate and implement with tests/evidence
320,devops,Open,Validate and implement with tests/evidence
321,backend,Open,Validate and implement with tests/evidence
322,frontend,Open,Validate and implement with tests/evidence
323,voice_scan,Open,Validate and implement with tests/evidence
324,prediction,Open,Validate and implement with tests/evidence
325,medicine,Open,Validate and implement with tests/evidence
326,rag,Open,Validate and implement with tests/evidence
327,safety,Open,Validate and implement with tests/evidence
328,security,Open,Validate and implement with tests/evidence
329,data,Open,Validate and implement with tests/evidence
330,devops,Open,Validate and implement with tests/evidence
331,backend,Open,Validate and implement with tests/evidence
332,frontend,Open,Validate and implement with tests/evidence
333,voice_scan,Open,Validate and implement with tests/evidence
334,prediction,Open,Validate and implement with tests/evidence
335,medicine,Open,Validate and implement with tests/evidence
336,rag,Open,Validate and implement with tests/evidence
337,safety,Open,Validate and implement with tests/evidence
338,security,Open,Validate and implement with tests/evidence
339,data,Open,Validate and implement with tests/evidence
340,devops,Open,Validate and implement with tests/evidence
341,backend,Open,Validate and implement with tests/evidence
342,frontend,Open,Validate and implement with tests/evidence
343,voice_scan,Open,Validate and implement with tests/evidence
344,prediction,Open,Validate and implement with tests/evidence
345,medicine,Open,Validate and implement with tests/evidence
346,rag,Open,Validate and implement with tests/evidence
347,safety,Open,Validate and implement with tests/evidence
348,security,Open,Validate and implement with tests/evidence
349,data,Open,Validate and implement with tests/evidence
350,devops,Open,Validate and implement with tests/evidence
351,backend,Open,Validate and implement with tests/evidence
352,frontend,Open,Validate and implement with tests/evidence
353,voice_scan,Open,Validate and implement with tests/evidence
354,prediction,Open,Validate and implement with tests/evidence
355,medicine,Open,Validate and implement with tests/evidence
356,rag,Open,Validate and implement with tests/evidence
357,safety,Open,Validate and implement with tests/evidence
358,security,Open,Validate and implement with tests/evidence
359,data,Open,Validate and implement with tests/evidence
360,devops,Open,Validate and implement with tests/evidence
361,backend,Open,Validate and implement with tests/evidence
362,frontend,Open,Validate and implement with tests/evidence
363,voice_scan,Open,Validate and implement with tests/evidence
364,prediction,Open,Validate and implement with tests/evidence
365,medicine,Open,Validate and implement with tests/evidence
366,rag,Open,Validate and implement with tests/evidence
367,safety,Open,Validate and implement with tests/evidence
368,security,Open,Validate and implement with tests/evidence
369,data,Open,Validate and implement with tests/evidence
370,devops,Open,Validate and implement with tests/evidence
371,backend,Open,Validate and implement with tests/evidence
372,frontend,Open,Validate and implement with tests/evidence
373,voice_scan,Open,Validate and implement with tests/evidence
374,prediction,Open,Validate and implement with tests/evidence
375,medicine,Open,Validate and implement with tests/evidence
376,rag,Open,Validate and implement with tests/evidence
377,safety,Open,Validate and implement with tests/evidence
378,security,Open,Validate and implement with tests/evidence
379,data,Open,Validate and implement with tests/evidence
380,devops,Open,Validate and implement with tests/evidence
381,backend,Open,Validate and implement with tests/evidence
382,frontend,Open,Validate and implement with tests/evidence
383,voice_scan,Open,Validate and implement with tests/evidence
384,prediction,Open,Validate and implement with tests/evidence
385,medicine,Open,Validate and implement with tests/evidence
386,rag,Open,Validate and implement with tests/evidence
387,safety,Open,Validate and implement with tests/evidence
388,security,Open,Validate and implement with tests/evidence
389,data,Open,Validate and implement with tests/evidence
390,devops,Open,Validate and implement with tests/evidence
391,backend,Open,Validate and implement with tests/evidence
392,frontend,Open,Validate and implement with tests/evidence
393,voice_scan,Open,Validate and implement with tests/evidence
394,prediction,Open,Validate and implement with tests/evidence
395,medicine,Open,Validate and implement with tests/evidence
396,rag,Open,Validate and implement with tests/evidence
397,safety,Open,Validate and implement with tests/evidence
398,security,Open,Validate and implement with tests/evidence
399,data,Open,Validate and implement with tests/evidence
400,devops,Open,Validate and implement with tests/evidence
401,backend,Open,Validate and implement with tests/evidence
402,frontend,Open,Validate and implement with tests/evidence
403,voice_scan,Open,Validate and implement with tests/evidence
404,prediction,Open,Validate and implement with tests/evidence
405,medicine,Open,Validate and implement with tests/evidence
406,rag,Open,Validate and implement with tests/evidence
407,safety,Open,Validate and implement with tests/evidence
408,security,Open,Validate and implement with tests/evidence
409,data,Open,Validate and implement with tests/evidence
410,devops,Open,Validate and implement with tests/evidence
411,backend,Open,Validate and implement with tests/evidence
412,frontend,Open,Validate and implement with tests/evidence
413,voice_scan,Open,Validate and implement with tests/evidence
414,prediction,Open,Validate and implement with tests/evidence
415,medicine,Open,Validate and implement with tests/evidence
416,rag,Open,Validate and implement with tests/evidence
417,safety,Open,Validate and implement with tests/evidence
418,security,Open,Validate and implement with tests/evidence
419,data,Open,Validate and implement with tests/evidence
420,devops,Open,Validate and implement with tests/evidence
421,backend,Open,Validate and implement with tests/evidence
422,frontend,Open,Validate and implement with tests/evidence
423,voice_scan,Open,Validate and implement with tests/evidence
424,prediction,Open,Validate and implement with tests/evidence
425,medicine,Open,Validate and implement with tests/evidence
426,rag,Open,Validate and implement with tests/evidence
427,safety,Open,Validate and implement with tests/evidence
428,security,Open,Validate and implement with tests/evidence
429,data,Open,Validate and implement with tests/evidence
430,devops,Open,Validate and implement with tests/evidence
431,backend,Open,Validate and implement with tests/evidence
432,frontend,Open,Validate and implement with tests/evidence
433,voice_scan,Open,Validate and implement with tests/evidence
434,prediction,Open,Validate and implement with tests/evidence
435,medicine,Open,Validate and implement with tests/evidence
436,rag,Open,Validate and implement with tests/evidence
437,safety,Open,Validate and implement with tests/evidence
438,security,Open,Validate and implement with tests/evidence
439,data,Open,Validate and implement with tests/evidence
440,devops,Open,Validate and implement with tests/evidence
441,backend,Open,Validate and implement with tests/evidence
442,frontend,Open,Validate and implement with tests/evidence
443,voice_scan,Open,Validate and implement with tests/evidence
444,prediction,Open,Validate and implement with tests/evidence
445,medicine,Open,Validate and implement with tests/evidence
446,rag,Open,Validate and implement with tests/evidence
447,safety,Open,Validate and implement with tests/evidence
448,security,Open,Validate and implement with tests/evidence
449,data,Open,Validate and implement with tests/evidence
450,devops,Open,Validate and implement with tests/evidence
451,backend,Open,Validate and implement with tests/evidence
452,frontend,Open,Validate and implement with tests/evidence
453,voice_scan,Open,Validate and implement with tests/evidence
454,prediction,Open,Validate and implement with tests/evidence
455,medicine,Open,Validate and implement with tests/evidence
456,rag,Open,Validate and implement with tests/evidence
457,safety,Open,Validate and implement with tests/evidence
458,security,Open,Validate and implement with tests/evidence
459,data,Open,Validate and implement with tests/evidence
460,devops,Open,Validate and implement with tests/evidence
461,backend,Open,Validate and implement with tests/evidence
462,frontend,Open,Validate and implement with tests/evidence
463,voice_scan,Open,Validate and implement with tests/evidence
464,prediction,Open,Validate and implement with tests/evidence
465,medicine,Open,Validate and implement with tests/evidence
466,rag,Open,Validate and implement with tests/evidence
467,safety,Open,Validate and implement with tests/evidence
468,security,Open,Validate and implement with tests/evidence
469,data,Open,Validate and implement with tests/evidence
470,devops,Open,Validate and implement with tests/evidence
471,backend,Open,Validate and implement with tests/evidence
472,frontend,Open,Validate and implement with tests/evidence
473,voice_scan,Open,Validate and implement with tests/evidence
474,prediction,Open,Validate and implement with tests/evidence
475,medicine,Open,Validate and implement with tests/evidence
476,rag,Open,Validate and implement with tests/evidence
477,safety,Open,Validate and implement with tests/evidence
478,security,Open,Validate and implement with tests/evidence
479,data,Open,Validate and implement with tests/evidence
480,devops,Open,Validate and implement with tests/evidence
481,backend,Open,Validate and implement with tests/evidence
482,frontend,Open,Validate and implement with tests/evidence
483,voice_scan,Open,Validate and implement with tests/evidence
484,prediction,Open,Validate and implement with tests/evidence
485,medicine,Open,Validate and implement with tests/evidence
486,rag,Open,Validate and implement with tests/evidence
487,safety,Open,Validate and implement with tests/evidence
488,security,Open,Validate and implement with tests/evidence
489,data,Open,Validate and implement with tests/evidence
490,devops,Open,Validate and implement with tests/evidence
491,backend,Open,Validate and implement with tests/evidence
492,frontend,Open,Validate and implement with tests/evidence
493,voice_scan,Open,Validate and implement with tests/evidence
494,prediction,Open,Validate and implement with tests/evidence
495,medicine,Open,Validate and implement with tests/evidence
496,rag,Open,Validate and implement with tests/evidence
497,safety,Open,Validate and implement with tests/evidence
498,security,Open,Validate and implement with tests/evidence
499,data,Open,Validate and implement with tests/evidence
500,devops,Open,Validate and implement with tests/evidence
501,backend,Open,Validate and implement with tests/evidence
502,frontend,Open,Validate and implement with tests/evidence
503,voice_scan,Open,Validate and implement with tests/evidence
504,prediction,Open,Validate and implement with tests/evidence
505,medicine,Open,Validate and implement with tests/evidence
506,rag,Open,Validate and implement with tests/evidence
507,safety,Open,Validate and implement with tests/evidence
508,security,Open,Validate and implement with tests/evidence
509,data,Open,Validate and implement with tests/evidence
510,devops,Open,Validate and implement with tests/evidence
511,backend,Open,Validate and implement with tests/evidence
512,frontend,Open,Validate and implement with tests/evidence
513,voice_scan,Open,Validate and implement with tests/evidence
514,prediction,Open,Validate and implement with tests/evidence
515,medicine,Open,Validate and implement with tests/evidence
516,rag,Open,Validate and implement with tests/evidence
517,safety,Open,Validate and implement with tests/evidence
518,security,Open,Validate and implement with tests/evidence
519,data,Open,Validate and implement with tests/evidence
520,devops,Open,Validate and implement with tests/evidence
521,backend,Open,Validate and implement with tests/evidence
522,frontend,Open,Validate and implement with tests/evidence
523,voice_scan,Open,Validate and implement with tests/evidence
524,prediction,Open,Validate and implement with tests/evidence
525,medicine,Open,Validate and implement with tests/evidence
526,rag,Open,Validate and implement with tests/evidence
527,safety,Open,Validate and implement with tests/evidence
528,security,Open,Validate and implement with tests/evidence
529,data,Open,Validate and implement with tests/evidence
530,devops,Open,Validate and implement with tests/evidence
531,backend,Open,Validate and implement with tests/evidence
532,frontend,Open,Validate and implement with tests/evidence
533,voice_scan,Open,Validate and implement with tests/evidence
534,prediction,Open,Validate and implement with tests/evidence
535,medicine,Open,Validate and implement with tests/evidence
536,rag,Open,Validate and implement with tests/evidence
537,safety,Open,Validate and implement with tests/evidence
538,security,Open,Validate and implement with tests/evidence
539,data,Open,Validate and implement with tests/evidence
540,devops,Open,Validate and implement with tests/evidence
541,backend,Open,Validate and implement with tests/evidence
542,frontend,Open,Validate and implement with tests/evidence
543,voice_scan,Open,Validate and implement with tests/evidence
544,prediction,Open,Validate and implement with tests/evidence
545,medicine,Open,Validate and implement with tests/evidence
546,rag,Open,Validate and implement with tests/evidence
547,safety,Open,Validate and implement with tests/evidence
548,security,Open,Validate and implement with tests/evidence
549,data,Open,Validate and implement with tests/evidence
550,devops,Open,Validate and implement with tests/evidence
551,backend,Open,Validate and implement with tests/evidence
552,frontend,Open,Validate and implement with tests/evidence
553,voice_scan,Open,Validate and implement with tests/evidence
554,prediction,Open,Validate and implement with tests/evidence
555,medicine,Open,Validate and implement with tests/evidence
556,rag,Open,Validate and implement with tests/evidence
557,safety,Open,Validate and implement with tests/evidence
558,security,Open,Validate and implement with tests/evidence
559,data,Open,Validate and implement with tests/evidence
560,devops,Open,Validate and implement with tests/evidence
561,backend,Open,Validate and implement with tests/evidence
562,frontend,Open,Validate and implement with tests/evidence
563,voice_scan,Open,Validate and implement with tests/evidence
564,prediction,Open,Validate and implement with tests/evidence
565,medicine,Open,Validate and implement with tests/evidence
566,rag,Open,Validate and implement with tests/evidence
567,safety,Open,Validate and implement with tests/evidence
568,security,Open,Validate and implement with tests/evidence
569,data,Open,Validate and implement with tests/evidence
570,devops,Open,Validate and implement with tests/evidence
571,backend,Open,Validate and implement with tests/evidence
572,frontend,Open,Validate and implement with tests/evidence
573,voice_scan,Open,Validate and implement with tests/evidence
574,prediction,Open,Validate and implement with tests/evidence
575,medicine,Open,Validate and implement with tests/evidence
576,rag,Open,Validate and implement with tests/evidence
577,safety,Open,Validate and implement with tests/evidence
578,security,Open,Validate and implement with tests/evidence
579,data,Open,Validate and implement with tests/evidence
580,devops,Open,Validate and implement with tests/evidence
581,backend,Open,Validate and implement with tests/evidence
582,frontend,Open,Validate and implement with tests/evidence
583,voice_scan,Open,Validate and implement with tests/evidence
584,prediction,Open,Validate and implement with tests/evidence
585,medicine,Open,Validate and implement with tests/evidence
586,rag,Open,Validate and implement with tests/evidence
587,safety,Open,Validate and implement with tests/evidence
588,security,Open,Validate and implement with tests/evidence
589,data,Open,Validate and implement with tests/evidence
590,devops,Open,Validate and implement with tests/evidence
591,backend,Open,Validate and implement with tests/evidence
592,frontend,Open,Validate and implement with tests/evidence
593,voice_scan,Open,Validate and implement with tests/evidence
594,prediction,Open,Validate and implement with tests/evidence
595,medicine,Open,Validate and implement with tests/evidence
596,rag,Open,Validate and implement with tests/evidence
597,safety,Open,Validate and implement with tests/evidence
598,security,Open,Validate and implement with tests/evidence
599,data,Open,Validate and implement with tests/evidence
600,devops,Open,Validate and implement with tests/evidence
601,backend,Open,Validate and implement with tests/evidence
602,frontend,Open,Validate and implement with tests/evidence
603,voice_scan,Open,Validate and implement with tests/evidence
604,prediction,Open,Validate and implement with tests/evidence
605,medicine,Open,Validate and implement with tests/evidence
606,rag,Open,Validate and implement with tests/evidence
607,safety,Open,Validate and implement with tests/evidence
608,security,Open,Validate and implement with tests/evidence
609,data,Open,Validate and implement with tests/evidence
610,devops,Open,Validate and implement with tests/evidence
611,backend,Open,Validate and implement with tests/evidence
612,frontend,Open,Validate and implement with tests/evidence
613,voice_scan,Open,Validate and implement with tests/evidence
614,prediction,Open,Validate and implement with tests/evidence
615,medicine,Open,Validate and implement with tests/evidence
616,rag,Open,Validate and implement with tests/evidence
617,safety,Open,Validate and implement with tests/evidence
618,security,Open,Validate and implement with tests/evidence
619,data,Open,Validate and implement with tests/evidence
620,devops,Open,Validate and implement with tests/evidence
621,backend,Open,Validate and implement with tests/evidence
622,frontend,Open,Validate and implement with tests/evidence
623,voice_scan,Open,Validate and implement with tests/evidence
624,prediction,Open,Validate and implement with tests/evidence
625,medicine,Open,Validate and implement with tests/evidence
626,rag,Open,Validate and implement with tests/evidence
627,safety,Open,Validate and implement with tests/evidence
628,security,Open,Validate and implement with tests/evidence
629,data,Open,Validate and implement with tests/evidence
630,devops,Open,Validate and implement with tests/evidence
631,backend,Open,Validate and implement with tests/evidence
632,frontend,Open,Validate and implement with tests/evidence
633,voice_scan,Open,Validate and implement with tests/evidence
634,prediction,Open,Validate and implement with tests/evidence
635,medicine,Open,Validate and implement with tests/evidence
636,rag,Open,Validate and implement with tests/evidence
637,safety,Open,Validate and implement with tests/evidence
638,security,Open,Validate and implement with tests/evidence
639,data,Open,Validate and implement with tests/evidence
640,devops,Open,Validate and implement with tests/evidence
641,backend,Open,Validate and implement with tests/evidence
642,frontend,Open,Validate and implement with tests/evidence
643,voice_scan,Open,Validate and implement with tests/evidence
644,prediction,Open,Validate and implement with tests/evidence
645,medicine,Open,Validate and implement with tests/evidence
646,rag,Open,Validate and implement with tests/evidence
647,safety,Open,Validate and implement with tests/evidence
648,security,Open,Validate and implement with tests/evidence
649,data,Open,Validate and implement with tests/evidence
650,devops,Open,Validate and implement with tests/evidence
651,backend,Open,Validate and implement with tests/evidence
652,frontend,Open,Validate and implement with tests/evidence
653,voice_scan,Open,Validate and implement with tests/evidence
654,prediction,Open,Validate and implement with tests/evidence
655,medicine,Open,Validate and implement with tests/evidence
656,rag,Open,Validate and implement with tests/evidence
657,safety,Open,Validate and implement with tests/evidence
658,security,Open,Validate and implement with tests/evidence
659,data,Open,Validate and implement with tests/evidence
660,devops,Open,Validate and implement with tests/evidence
661,backend,Open,Validate and implement with tests/evidence
662,frontend,Open,Validate and implement with tests/evidence
663,voice_scan,Open,Validate and implement with tests/evidence
664,prediction,Open,Validate and implement with tests/evidence
665,medicine,Open,Validate and implement with tests/evidence
666,rag,Open,Validate and implement with tests/evidence
667,safety,Open,Validate and implement with tests/evidence
668,security,Open,Validate and implement with tests/evidence
669,data,Open,Validate and implement with tests/evidence
670,devops,Open,Validate and implement with tests/evidence
671,backend,Open,Validate and implement with tests/evidence
672,frontend,Open,Validate and implement with tests/evidence
673,voice_scan,Open,Validate and implement with tests/evidence
674,prediction,Open,Validate and implement with tests/evidence
675,medicine,Open,Validate and implement with tests/evidence
676,rag,Open,Validate and implement with tests/evidence
677,safety,Open,Validate and implement with tests/evidence
678,security,Open,Validate and implement with tests/evidence
679,data,Open,Validate and implement with tests/evidence
680,devops,Open,Validate and implement with tests/evidence
681,backend,Open,Validate and implement with tests/evidence
682,frontend,Open,Validate and implement with tests/evidence
683,voice_scan,Open,Validate and implement with tests/evidence
684,prediction,Open,Validate and implement with tests/evidence
685,medicine,Open,Validate and implement with tests/evidence
686,rag,Open,Validate and implement with tests/evidence
687,safety,Open,Validate and implement with tests/evidence
688,security,Open,Validate and implement with tests/evidence
689,data,Open,Validate and implement with tests/evidence
690,devops,Open,Validate and implement with tests/evidence
691,backend,Open,Validate and implement with tests/evidence
692,frontend,Open,Validate and implement with tests/evidence
693,voice_scan,Open,Validate and implement with tests/evidence
694,prediction,Open,Validate and implement with tests/evidence
695,medicine,Open,Validate and implement with tests/evidence
696,rag,Open,Validate and implement with tests/evidence
697,safety,Open,Validate and implement with tests/evidence
698,security,Open,Validate and implement with tests/evidence
699,data,Open,Validate and implement with tests/evidence
700,devops,Open,Validate and implement with tests/evidence
701,backend,Open,Validate and implement with tests/evidence
702,frontend,Open,Validate and implement with tests/evidence
703,voice_scan,Open,Validate and implement with tests/evidence
704,prediction,Open,Validate and implement with tests/evidence
705,medicine,Open,Validate and implement with tests/evidence
706,rag,Open,Validate and implement with tests/evidence
707,safety,Open,Validate and implement with tests/evidence
708,security,Open,Validate and implement with tests/evidence
709,data,Open,Validate and implement with tests/evidence
710,devops,Open,Validate and implement with tests/evidence
711,backend,Open,Validate and implement with tests/evidence
712,frontend,Open,Validate and implement with tests/evidence
713,voice_scan,Open,Validate and implement with tests/evidence
714,prediction,Open,Validate and implement with tests/evidence
715,medicine,Open,Validate and implement with tests/evidence
716,rag,Open,Validate and implement with tests/evidence
717,safety,Open,Validate and implement with tests/evidence
718,security,Open,Validate and implement with tests/evidence
719,data,Open,Validate and implement with tests/evidence
720,devops,Open,Validate and implement with tests/evidence
721,backend,Open,Validate and implement with tests/evidence
722,frontend,Open,Validate and implement with tests/evidence
723,voice_scan,Open,Validate and implement with tests/evidence
724,prediction,Open,Validate and implement with tests/evidence
725,medicine,Open,Validate and implement with tests/evidence
726,rag,Open,Validate and implement with tests/evidence
727,safety,Open,Validate and implement with tests/evidence
728,security,Open,Validate and implement with tests/evidence
729,data,Open,Validate and implement with tests/evidence
730,devops,Open,Validate and implement with tests/evidence
731,backend,Open,Validate and implement with tests/evidence
732,frontend,Open,Validate and implement with tests/evidence
733,voice_scan,Open,Validate and implement with tests/evidence
734,prediction,Open,Validate and implement with tests/evidence
735,medicine,Open,Validate and implement with tests/evidence
736,rag,Open,Validate and implement with tests/evidence
737,safety,Open,Validate and implement with tests/evidence
738,security,Open,Validate and implement with tests/evidence
739,data,Open,Validate and implement with tests/evidence
740,devops,Open,Validate and implement with tests/evidence
741,backend,Open,Validate and implement with tests/evidence
742,frontend,Open,Validate and implement with tests/evidence
743,voice_scan,Open,Validate and implement with tests/evidence
744,prediction,Open,Validate and implement with tests/evidence
745,medicine,Open,Validate and implement with tests/evidence
746,rag,Open,Validate and implement with tests/evidence
747,safety,Open,Validate and implement with tests/evidence
748,security,Open,Validate and implement with tests/evidence
749,data,Open,Validate and implement with tests/evidence
750,devops,Open,Validate and implement with tests/evidence
751,backend,Open,Validate and implement with tests/evidence
752,frontend,Open,Validate and implement with tests/evidence
753,voice_scan,Open,Validate and implement with tests/evidence
754,prediction,Open,Validate and implement with tests/evidence
755,medicine,Open,Validate and implement with tests/evidence
756,rag,Open,Validate and implement with tests/evidence
757,safety,Open,Validate and implement with tests/evidence
758,security,Open,Validate and implement with tests/evidence
759,data,Open,Validate and implement with tests/evidence
760,devops,Open,Validate and implement with tests/evidence
761,backend,Open,Validate and implement with tests/evidence
762,frontend,Open,Validate and implement with tests/evidence
763,voice_scan,Open,Validate and implement with tests/evidence
764,prediction,Open,Validate and implement with tests/evidence
765,medicine,Open,Validate and implement with tests/evidence
766,rag,Open,Validate and implement with tests/evidence
767,safety,Open,Validate and implement with tests/evidence
768,security,Open,Validate and implement with tests/evidence
769,data,Open,Validate and implement with tests/evidence
770,devops,Open,Validate and implement with tests/evidence
771,backend,Open,Validate and implement with tests/evidence
772,frontend,Open,Validate and implement with tests/evidence
773,voice_scan,Open,Validate and implement with tests/evidence
774,prediction,Open,Validate and implement with tests/evidence
775,medicine,Open,Validate and implement with tests/evidence
776,rag,Open,Validate and implement with tests/evidence
777,safety,Open,Validate and implement with tests/evidence
778,security,Open,Validate and implement with tests/evidence
779,data,Open,Validate and implement with tests/evidence
780,devops,Open,Validate and implement with tests/evidence
781,backend,Open,Validate and implement with tests/evidence
782,frontend,Open,Validate and implement with tests/evidence
783,voice_scan,Open,Validate and implement with tests/evidence
784,prediction,Open,Validate and implement with tests/evidence
785,medicine,Open,Validate and implement with tests/evidence
786,rag,Open,Validate and implement with tests/evidence
787,safety,Open,Validate and implement with tests/evidence
788,security,Open,Validate and implement with tests/evidence
789,data,Open,Validate and implement with tests/evidence
790,devops,Open,Validate and implement with tests/evidence
791,backend,Open,Validate and implement with tests/evidence
792,frontend,Open,Validate and implement with tests/evidence
793,voice_scan,Open,Validate and implement with tests/evidence
794,prediction,Open,Validate and implement with tests/evidence
795,medicine,Open,Validate and implement with tests/evidence
796,rag,Open,Validate and implement with tests/evidence
797,safety,Open,Validate and implement with tests/evidence
798,security,Open,Validate and implement with tests/evidence
799,data,Open,Validate and implement with tests/evidence
800,devops,Open,Validate and implement with tests/evidence
801,backend,Open,Validate and implement with tests/evidence
802,frontend,Open,Validate and implement with tests/evidence
803,voice_scan,Open,Validate and implement with tests/evidence
804,prediction,Open,Validate and implement with tests/evidence
805,medicine,Open,Validate and implement with tests/evidence
806,rag,Open,Validate and implement with tests/evidence
807,safety,Open,Validate and implement with tests/evidence
808,security,Open,Validate and implement with tests/evidence
809,data,Open,Validate and implement with tests/evidence
810,devops,Open,Validate and implement with tests/evidence
811,backend,Open,Validate and implement with tests/evidence
812,frontend,Open,Validate and implement with tests/evidence
813,voice_scan,Open,Validate and implement with tests/evidence
814,prediction,Open,Validate and implement with tests/evidence
815,medicine,Open,Validate and implement with tests/evidence
816,rag,Open,Validate and implement with tests/evidence
817,safety,Open,Validate and implement with tests/evidence
818,security,Open,Validate and implement with tests/evidence
819,data,Open,Validate and implement with tests/evidence
820,devops,Open,Validate and implement with tests/evidence
821,backend,Open,Validate and implement with tests/evidence
822,frontend,Open,Validate and implement with tests/evidence
823,voice_scan,Open,Validate and implement with tests/evidence
824,prediction,Open,Validate and implement with tests/evidence
825,medicine,Open,Validate and implement with tests/evidence
826,rag,Open,Validate and implement with tests/evidence
827,safety,Open,Validate and implement with tests/evidence
828,security,Open,Validate and implement with tests/evidence
829,data,Open,Validate and implement with tests/evidence
830,devops,Open,Validate and implement with tests/evidence
831,backend,Open,Validate and implement with tests/evidence
832,frontend,Open,Validate and implement with tests/evidence
833,voice_scan,Open,Validate and implement with tests/evidence
834,prediction,Open,Validate and implement with tests/evidence
835,medicine,Open,Validate and implement with tests/evidence
836,rag,Open,Validate and implement with tests/evidence
837,safety,Open,Validate and implement with tests/evidence
838,security,Open,Validate and implement with tests/evidence
839,data,Open,Validate and implement with tests/evidence
840,devops,Open,Validate and implement with tests/evidence
841,backend,Open,Validate and implement with tests/evidence
842,frontend,Open,Validate and implement with tests/evidence
843,voice_scan,Open,Validate and implement with tests/evidence
844,prediction,Open,Validate and implement with tests/evidence
845,medicine,Open,Validate and implement with tests/evidence
846,rag,Open,Validate and implement with tests/evidence
847,safety,Open,Validate and implement with tests/evidence
848,security,Open,Validate and implement with tests/evidence
849,data,Open,Validate and implement with tests/evidence
850,devops,Open,Validate and implement with tests/evidence
851,backend,Open,Validate and implement with tests/evidence
852,frontend,Open,Validate and implement with tests/evidence
853,voice_scan,Open,Validate and implement with tests/evidence
854,prediction,Open,Validate and implement with tests/evidence
855,medicine,Open,Validate and implement with tests/evidence
856,rag,Open,Validate and implement with tests/evidence
857,safety,Open,Validate and implement with tests/evidence
858,security,Open,Validate and implement with tests/evidence
859,data,Open,Validate and implement with tests/evidence
860,devops,Open,Validate and implement with tests/evidence
861,backend,Open,Validate and implement with tests/evidence
862,frontend,Open,Validate and implement with tests/evidence
863,voice_scan,Open,Validate and implement with tests/evidence
864,prediction,Open,Validate and implement with tests/evidence
865,medicine,Open,Validate and implement with tests/evidence
866,rag,Open,Validate and implement with tests/evidence
867,safety,Open,Validate and implement with tests/evidence
868,security,Open,Validate and implement with tests/evidence
869,data,Open,Validate and implement with tests/evidence
870,devops,Open,Validate and implement with tests/evidence
871,backend,Open,Validate and implement with tests/evidence
872,frontend,Open,Validate and implement with tests/evidence
873,voice_scan,Open,Validate and implement with tests/evidence
874,prediction,Open,Validate and implement with tests/evidence
875,medicine,Open,Validate and implement with tests/evidence
876,rag,Open,Validate and implement with tests/evidence
877,safety,Open,Validate and implement with tests/evidence
878,security,Open,Validate and implement with tests/evidence
879,data,Open,Validate and implement with tests/evidence
880,devops,Open,Validate and implement with tests/evidence
881,backend,Open,Validate and implement with tests/evidence
882,frontend,Open,Validate and implement with tests/evidence
883,voice_scan,Open,Validate and implement with tests/evidence
884,prediction,Open,Validate and implement with tests/evidence
885,medicine,Open,Validate and implement with tests/evidence
886,rag,Open,Validate and implement with tests/evidence
887,safety,Open,Validate and implement with tests/evidence
888,security,Open,Validate and implement with tests/evidence
889,data,Open,Validate and implement with tests/evidence
890,devops,Open,Validate and implement with tests/evidence
891,backend,Open,Validate and implement with tests/evidence
892,frontend,Open,Validate and implement with tests/evidence
893,voice_scan,Open,Validate and implement with tests/evidence
894,prediction,Open,Validate and implement with tests/evidence
895,medicine,Open,Validate and implement with tests/evidence
896,rag,Open,Validate and implement with tests/evidence
897,safety,Open,Validate and implement with tests/evidence
898,security,Open,Validate and implement with tests/evidence
899,data,Open,Validate and implement with tests/evidence
900,devops,Open,Validate and implement with tests/evidence
901,backend,Open,Validate and implement with tests/evidence
902,frontend,Open,Validate and implement with tests/evidence
903,voice_scan,Open,Validate and implement with tests/evidence
904,prediction,Open,Validate and implement with tests/evidence
905,medicine,Open,Validate and implement with tests/evidence
906,rag,Open,Validate and implement with tests/evidence
907,safety,Open,Validate and implement with tests/evidence
908,security,Open,Validate and implement with tests/evidence
909,data,Open,Validate and implement with tests/evidence
910,devops,Open,Validate and implement with tests/evidence
911,backend,Open,Validate and implement with tests/evidence
912,frontend,Open,Validate and implement with tests/evidence
913,voice_scan,Open,Validate and implement with tests/evidence
914,prediction,Open,Validate and implement with tests/evidence
915,medicine,Open,Validate and implement with tests/evidence
916,rag,Open,Validate and implement with tests/evidence
917,safety,Open,Validate and implement with tests/evidence
918,security,Open,Validate and implement with tests/evidence
919,data,Open,Validate and implement with tests/evidence
920,devops,Open,Validate and implement with tests/evidence
921,backend,Open,Validate and implement with tests/evidence
922,frontend,Open,Validate and implement with tests/evidence
923,voice_scan,Open,Validate and implement with tests/evidence
924,prediction,Open,Validate and implement with tests/evidence
925,medicine,Open,Validate and implement with tests/evidence
926,rag,Open,Validate and implement with tests/evidence
927,safety,Open,Validate and implement with tests/evidence
928,security,Open,Validate and implement with tests/evidence
929,data,Open,Validate and implement with tests/evidence
930,devops,Open,Validate and implement with tests/evidence
931,backend,Open,Validate and implement with tests/evidence
932,frontend,Open,Validate and implement with tests/evidence
933,voice_scan,Open,Validate and implement with tests/evidence
934,prediction,Open,Validate and implement with tests/evidence
935,medicine,Open,Validate and implement with tests/evidence
936,rag,Open,Validate and implement with tests/evidence
937,safety,Open,Validate and implement with tests/evidence
938,security,Open,Validate and implement with tests/evidence
939,data,Open,Validate and implement with tests/evidence
940,devops,Open,Validate and implement with tests/evidence
941,backend,Open,Validate and implement with tests/evidence
942,frontend,Open,Validate and implement with tests/evidence
943,voice_scan,Open,Validate and implement with tests/evidence
944,prediction,Open,Validate and implement with tests/evidence
945,medicine,Open,Validate and implement with tests/evidence
946,rag,Open,Validate and implement with tests/evidence
947,safety,Open,Validate and implement with tests/evidence
948,security,Open,Validate and implement with tests/evidence
949,data,Open,Validate and implement with tests/evidence
950,devops,Open,Validate and implement with tests/evidence
951,backend,Open,Validate and implement with tests/evidence
952,frontend,Open,Validate and implement with tests/evidence
953,voice_scan,Open,Validate and implement with tests/evidence
954,prediction,Open,Validate and implement with tests/evidence
955,medicine,Open,Validate and implement with tests/evidence
956,rag,Open,Validate and implement with tests/evidence
957,safety,Open,Validate and implement with tests/evidence
958,security,Open,Validate and implement with tests/evidence
959,data,Open,Validate and implement with tests/evidence
960,devops,Open,Validate and implement with tests/evidence
961,backend,Open,Validate and implement with tests/evidence
962,frontend,Open,Validate and implement with tests/evidence
963,voice_scan,Open,Validate and implement with tests/evidence
964,prediction,Open,Validate and implement with tests/evidence
965,medicine,Open,Validate and implement with tests/evidence
966,rag,Open,Validate and implement with tests/evidence
967,safety,Open,Validate and implement with tests/evidence
968,security,Open,Validate and implement with tests/evidence
969,data,Open,Validate and implement with tests/evidence
970,devops,Open,Validate and implement with tests/evidence
971,backend,Open,Validate and implement with tests/evidence
972,frontend,Open,Validate and implement with tests/evidence
973,voice_scan,Open,Validate and implement with tests/evidence
974,prediction,Open,Validate and implement with tests/evidence
975,medicine,Open,Validate and implement with tests/evidence
976,rag,Open,Validate and implement with tests/evidence
977,safety,Open,Validate and implement with tests/evidence
978,security,Open,Validate and implement with tests/evidence
979,data,Open,Validate and implement with tests/evidence
980,devops,Open,Validate and implement with tests/evidence
981,backend,Open,Validate and implement with tests/evidence
982,frontend,Open,Validate and implement with tests/evidence
983,voice_scan,Open,Validate and implement with tests/evidence
984,prediction,Open,Validate and implement with tests/evidence
985,medicine,Open,Validate and implement with tests/evidence
986,rag,Open,Validate and implement with tests/evidence
987,safety,Open,Validate and implement with tests/evidence
988,security,Open,Validate and implement with tests/evidence
989,data,Open,Validate and implement with tests/evidence
990,devops,Open,Validate and implement with tests/evidence
991,backend,Open,Validate and implement with tests/evidence
992,frontend,Open,Validate and implement with tests/evidence
993,voice_scan,Open,Validate and implement with tests/evidence
994,prediction,Open,Validate and implement with tests/evidence
995,medicine,Open,Validate and implement with tests/evidence
996,rag,Open,Validate and implement with tests/evidence
997,safety,Open,Validate and implement with tests/evidence
998,security,Open,Validate and implement with tests/evidence
999,data,Open,Validate and implement with tests/evidence
1000,devops,Open,Validate and implement with tests/evidence
1001,backend,Open,Validate and implement with tests/evidence
1002,frontend,Open,Validate and implement with tests/evidence
1003,voice_scan,Open,Validate and implement with tests/evidence
1004,prediction,Open,Validate and implement with tests/evidence
1005,medicine,Open,Validate and implement with tests/evidence
1006,rag,Open,Validate and implement with tests/evidence
1007,safety,Open,Validate and implement with tests/evidence
1008,security,Open,Validate and implement with tests/evidence
1009,data,Open,Validate and implement with tests/evidence
1010,devops,Open,Validate and implement with tests/evidence
1011,backend,Open,Validate and implement with tests/evidence
1012,frontend,Open,Validate and implement with tests/evidence
1013,voice_scan,Open,Validate and implement with tests/evidence
1014,prediction,Open,Validate and implement with tests/evidence
1015,medicine,Open,Validate and implement with tests/evidence
1016,rag,Open,Validate and implement with tests/evidence
1017,safety,Open,Validate and implement with tests/evidence
1018,security,Open,Validate and implement with tests/evidence
1019,data,Open,Validate and implement with tests/evidence
1020,devops,Open,Validate and implement with tests/evidence
1021,backend,Open,Validate and implement with tests/evidence
1022,frontend,Open,Validate and implement with tests/evidence
1023,voice_scan,Open,Validate and implement with tests/evidence
1024,prediction,Open,Validate and implement with tests/evidence
1025,medicine,Open,Validate and implement with tests/evidence
1026,rag,Open,Validate and implement with tests/evidence
1027,safety,Open,Validate and implement with tests/evidence
1028,security,Open,Validate and implement with tests/evidence
1029,data,Open,Validate and implement with tests/evidence
1030,devops,Open,Validate and implement with tests/evidence
1031,backend,Open,Validate and implement with tests/evidence
1032,frontend,Open,Validate and implement with tests/evidence
1033,voice_scan,Open,Validate and implement with tests/evidence
1034,prediction,Open,Validate and implement with tests/evidence
1035,medicine,Open,Validate and implement with tests/evidence
1036,rag,Open,Validate and implement with tests/evidence
1037,safety,Open,Validate and implement with tests/evidence
1038,security,Open,Validate and implement with tests/evidence
1039,data,Open,Validate and implement with tests/evidence
1040,devops,Open,Validate and implement with tests/evidence
1041,backend,Open,Validate and implement with tests/evidence
1042,frontend,Open,Validate and implement with tests/evidence
1043,voice_scan,Open,Validate and implement with tests/evidence
1044,prediction,Open,Validate and implement with tests/evidence
1045,medicine,Open,Validate and implement with tests/evidence
1046,rag,Open,Validate and implement with tests/evidence
1047,safety,Open,Validate and implement with tests/evidence
1048,security,Open,Validate and implement with tests/evidence
1049,data,Open,Validate and implement with tests/evidence
1050,devops,Open,Validate and implement with tests/evidence
1051,backend,Open,Validate and implement with tests/evidence
1052,frontend,Open,Validate and implement with tests/evidence
1053,voice_scan,Open,Validate and implement with tests/evidence
1054,prediction,Open,Validate and implement with tests/evidence
1055,medicine,Open,Validate and implement with tests/evidence
1056,rag,Open,Validate and implement with tests/evidence
1057,safety,Open,Validate and implement with tests/evidence
1058,security,Open,Validate and implement with tests/evidence
1059,data,Open,Validate and implement with tests/evidence
1060,devops,Open,Validate and implement with tests/evidence
1061,backend,Open,Validate and implement with tests/evidence
1062,frontend,Open,Validate and implement with tests/evidence
1063,voice_scan,Open,Validate and implement with tests/evidence
1064,prediction,Open,Validate and implement with tests/evidence
1065,medicine,Open,Validate and implement with tests/evidence
1066,rag,Open,Validate and implement with tests/evidence
1067,safety,Open,Validate and implement with tests/evidence
1068,security,Open,Validate and implement with tests/evidence
1069,data,Open,Validate and implement with tests/evidence
1070,devops,Open,Validate and implement with tests/evidence
1071,backend,Open,Validate and implement with tests/evidence
1072,frontend,Open,Validate and implement with tests/evidence
1073,voice_scan,Open,Validate and implement with tests/evidence
1074,prediction,Open,Validate and implement with tests/evidence
1075,medicine,Open,Validate and implement with tests/evidence
1076,rag,Open,Validate and implement with tests/evidence
1077,safety,Open,Validate and implement with tests/evidence
1078,security,Open,Validate and implement with tests/evidence
1079,data,Open,Validate and implement with tests/evidence
1080,devops,Open,Validate and implement with tests/evidence
1081,backend,Open,Validate and implement with tests/evidence
1082,frontend,Open,Validate and implement with tests/evidence
1083,voice_scan,Open,Validate and implement with tests/evidence
1084,prediction,Open,Validate and implement with tests/evidence
1085,medicine,Open,Validate and implement with tests/evidence
1086,rag,Open,Validate and implement with tests/evidence
1087,safety,Open,Validate and implement with tests/evidence
1088,security,Open,Validate and implement with tests/evidence
1089,data,Open,Validate and implement with tests/evidence
1090,devops,Open,Validate and implement with tests/evidence
1091,backend,Open,Validate and implement with tests/evidence
1092,frontend,Open,Validate and implement with tests/evidence
1093,voice_scan,Open,Validate and implement with tests/evidence
1094,prediction,Open,Validate and implement with tests/evidence
1095,medicine,Open,Validate and implement with tests/evidence
1096,rag,Open,Validate and implement with tests/evidence
1097,safety,Open,Validate and implement with tests/evidence
1098,security,Open,Validate and implement with tests/evidence
1099,data,Open,Validate and implement with tests/evidence
1100,devops,Open,Validate and implement with tests/evidence
1101,backend,Open,Validate and implement with tests/evidence
1102,frontend,Open,Validate and implement with tests/evidence
1103,voice_scan,Open,Validate and implement with tests/evidence
1104,prediction,Open,Validate and implement with tests/evidence
1105,medicine,Open,Validate and implement with tests/evidence
1106,rag,Open,Validate and implement with tests/evidence
1107,safety,Open,Validate and implement with tests/evidence
1108,security,Open,Validate and implement with tests/evidence
1109,data,Open,Validate and implement with tests/evidence
1110,devops,Open,Validate and implement with tests/evidence
1111,backend,Open,Validate and implement with tests/evidence
1112,frontend,Open,Validate and implement with tests/evidence
1113,voice_scan,Open,Validate and implement with tests/evidence
1114,prediction,Open,Validate and implement with tests/evidence
1115,medicine,Open,Validate and implement with tests/evidence
1116,rag,Open,Validate and implement with tests/evidence
1117,safety,Open,Validate and implement with tests/evidence
1118,security,Open,Validate and implement with tests/evidence
1119,data,Open,Validate and implement with tests/evidence
1120,devops,Open,Validate and implement with tests/evidence
1121,backend,Open,Validate and implement with tests/evidence
1122,frontend,Open,Validate and implement with tests/evidence
1123,voice_scan,Open,Validate and implement with tests/evidence
1124,prediction,Open,Validate and implement with tests/evidence
1125,medicine,Open,Validate and implement with tests/evidence
1126,rag,Open,Validate and implement with tests/evidence
1127,safety,Open,Validate and implement with tests/evidence
1128,security,Open,Validate and implement with tests/evidence
1129,data,Open,Validate and implement with tests/evidence
1130,devops,Open,Validate and implement with tests/evidence
1131,backend,Open,Validate and implement with tests/evidence
1132,frontend,Open,Validate and implement with tests/evidence
1133,voice_scan,Open,Validate and implement with tests/evidence
1134,prediction,Open,Validate and implement with tests/evidence
1135,medicine,Open,Validate and implement with tests/evidence
1136,rag,Open,Validate and implement with tests/evidence
1137,safety,Open,Validate and implement with tests/evidence
1138,security,Open,Validate and implement with tests/evidence
1139,data,Open,Validate and implement with tests/evidence
1140,devops,Open,Validate and implement with tests/evidence
1141,backend,Open,Validate and implement with tests/evidence
1142,frontend,Open,Validate and implement with tests/evidence
1143,voice_scan,Open,Validate and implement with tests/evidence
1144,prediction,Open,Validate and implement with tests/evidence
1145,medicine,Open,Validate and implement with tests/evidence
1146,rag,Open,Validate and implement with tests/evidence
1147,safety,Open,Validate and implement with tests/evidence
1148,security,Open,Validate and implement with tests/evidence
1149,data,Open,Validate and implement with tests/evidence
1150,devops,Open,Validate and implement with tests/evidence
1151,backend,Open,Validate and implement with tests/evidence
1152,frontend,Open,Validate and implement with tests/evidence
1153,voice_scan,Open,Validate and implement with tests/evidence
1154,prediction,Open,Validate and implement with tests/evidence
1155,medicine,Open,Validate and implement with tests/evidence
1156,rag,Open,Validate and implement with tests/evidence
1157,safety,Open,Validate and implement with tests/evidence
1158,security,Open,Validate and implement with tests/evidence
1159,data,Open,Validate and implement with tests/evidence
1160,devops,Open,Validate and implement with tests/evidence
1161,backend,Open,Validate and implement with tests/evidence
1162,frontend,Open,Validate and implement with tests/evidence
1163,voice_scan,Open,Validate and implement with tests/evidence
1164,prediction,Open,Validate and implement with tests/evidence
1165,medicine,Open,Validate and implement with tests/evidence
1166,rag,Open,Validate and implement with tests/evidence
1167,safety,Open,Validate and implement with tests/evidence
1168,security,Open,Validate and implement with tests/evidence
1169,data,Open,Validate and implement with tests/evidence
1170,devops,Open,Validate and implement with tests/evidence
1171,backend,Open,Validate and implement with tests/evidence
1172,frontend,Open,Validate and implement with tests/evidence
1173,voice_scan,Open,Validate and implement with tests/evidence
1174,prediction,Open,Validate and implement with tests/evidence
1175,medicine,Open,Validate and implement with tests/evidence
1176,rag,Open,Validate and implement with tests/evidence
1177,safety,Open,Validate and implement with tests/evidence
1178,security,Open,Validate and implement with tests/evidence
1179,data,Open,Validate and implement with tests/evidence
1180,devops,Open,Validate and implement with tests/evidence
1181,backend,Open,Validate and implement with tests/evidence
1182,frontend,Open,Validate and implement with tests/evidence
1183,voice_scan,Open,Validate and implement with tests/evidence
1184,prediction,Open,Validate and implement with tests/evidence
1185,medicine,Open,Validate and implement with tests/evidence
1186,rag,Open,Validate and implement with tests/evidence
1187,safety,Open,Validate and implement with tests/evidence
1188,security,Open,Validate and implement with tests/evidence
1189,data,Open,Validate and implement with tests/evidence
1190,devops,Open,Validate and implement with tests/evidence
1191,backend,Open,Validate and implement with tests/evidence
1192,frontend,Open,Validate and implement with tests/evidence
1193,voice_scan,Open,Validate and implement with tests/evidence
1194,prediction,Open,Validate and implement with tests/evidence
1195,medicine,Open,Validate and implement with tests/evidence
1196,rag,Open,Validate and implement with tests/evidence
1197,safety,Open,Validate and implement with tests/evidence
1198,security,Open,Validate and implement with tests/evidence
1199,data,Open,Validate and implement with tests/evidence
1200,devops,Open,Validate and implement with tests/evidence
1201,backend,Open,Validate and implement with tests/evidence
1202,frontend,Open,Validate and implement with tests/evidence
1203,voice_scan,Open,Validate and implement with tests/evidence
1204,prediction,Open,Validate and implement with tests/evidence
1205,medicine,Open,Validate and implement with tests/evidence
1206,rag,Open,Validate and implement with tests/evidence
1207,safety,Open,Validate and implement with tests/evidence
1208,security,Open,Validate and implement with tests/evidence
1209,data,Open,Validate and implement with tests/evidence
1210,devops,Open,Validate and implement with tests/evidence
1211,backend,Open,Validate and implement with tests/evidence
1212,frontend,Open,Validate and implement with tests/evidence
1213,voice_scan,Open,Validate and implement with tests/evidence
1214,prediction,Open,Validate and implement with tests/evidence
1215,medicine,Open,Validate and implement with tests/evidence
1216,rag,Open,Validate and implement with tests/evidence
1217,safety,Open,Validate and implement with tests/evidence
1218,security,Open,Validate and implement with tests/evidence
1219,data,Open,Validate and implement with tests/evidence
1220,devops,Open,Validate and implement with tests/evidence
1221,backend,Open,Validate and implement with tests/evidence
1222,frontend,Open,Validate and implement with tests/evidence
1223,voice_scan,Open,Validate and implement with tests/evidence
1224,prediction,Open,Validate and implement with tests/evidence
1225,medicine,Open,Validate and implement with tests/evidence
1226,rag,Open,Validate and implement with tests/evidence
1227,safety,Open,Validate and implement with tests/evidence
1228,security,Open,Validate and implement with tests/evidence
1229,data,Open,Validate and implement with tests/evidence
1230,devops,Open,Validate and implement with tests/evidence
1231,backend,Open,Validate and implement with tests/evidence
1232,frontend,Open,Validate and implement with tests/evidence
1233,voice_scan,Open,Validate and implement with tests/evidence
1234,prediction,Open,Validate and implement with tests/evidence
1235,medicine,Open,Validate and implement with tests/evidence
1236,rag,Open,Validate and implement with tests/evidence
1237,safety,Open,Validate and implement with tests/evidence
1238,security,Open,Validate and implement with tests/evidence
1239,data,Open,Validate and implement with tests/evidence
1240,devops,Open,Validate and implement with tests/evidence
1241,backend,Open,Validate and implement with tests/evidence
1242,frontend,Open,Validate and implement with tests/evidence
1243,voice_scan,Open,Validate and implement with tests/evidence
1244,prediction,Open,Validate and implement with tests/evidence
1245,medicine,Open,Validate and implement with tests/evidence
1246,rag,Open,Validate and implement with tests/evidence
1247,safety,Open,Validate and implement with tests/evidence
1248,security,Open,Validate and implement with tests/evidence
1249,data,Open,Validate and implement with tests/evidence
1250,devops,Open,Validate and implement with tests/evidence
1251,backend,Open,Validate and implement with tests/evidence
1252,frontend,Open,Validate and implement with tests/evidence
1253,voice_scan,Open,Validate and implement with tests/evidence
1254,prediction,Open,Validate and implement with tests/evidence
1255,medicine,Open,Validate and implement with tests/evidence
1256,rag,Open,Validate and implement with tests/evidence
1257,safety,Open,Validate and implement with tests/evidence
1258,security,Open,Validate and implement with tests/evidence
1259,data,Open,Validate and implement with tests/evidence
1260,devops,Open,Validate and implement with tests/evidence
1261,backend,Open,Validate and implement with tests/evidence
1262,frontend,Open,Validate and implement with tests/evidence
1263,voice_scan,Open,Validate and implement with tests/evidence
1264,prediction,Open,Validate and implement with tests/evidence
1265,medicine,Open,Validate and implement with tests/evidence
1266,rag,Open,Validate and implement with tests/evidence
1267,safety,Open,Validate and implement with tests/evidence
1268,security,Open,Validate and implement with tests/evidence
1269,data,Open,Validate and implement with tests/evidence
1270,devops,Open,Validate and implement with tests/evidence
1271,backend,Open,Validate and implement with tests/evidence
1272,frontend,Open,Validate and implement with tests/evidence
1273,voice_scan,Open,Validate and implement with tests/evidence
1274,prediction,Open,Validate and implement with tests/evidence
1275,medicine,Open,Validate and implement with tests/evidence
1276,rag,Open,Validate and implement with tests/evidence
1277,safety,Open,Validate and implement with tests/evidence
1278,security,Open,Validate and implement with tests/evidence
1279,data,Open,Validate and implement with tests/evidence
1280,devops,Open,Validate and implement with tests/evidence
1281,backend,Open,Validate and implement with tests/evidence
1282,frontend,Open,Validate and implement with tests/evidence
1283,voice_scan,Open,Validate and implement with tests/evidence
1284,prediction,Open,Validate and implement with tests/evidence
1285,medicine,Open,Validate and implement with tests/evidence
1286,rag,Open,Validate and implement with tests/evidence
1287,safety,Open,Validate and implement with tests/evidence
1288,security,Open,Validate and implement with tests/evidence
1289,data,Open,Validate and implement with tests/evidence
1290,devops,Open,Validate and implement with tests/evidence
1291,backend,Open,Validate and implement with tests/evidence
1292,frontend,Open,Validate and implement with tests/evidence
1293,voice_scan,Open,Validate and implement with tests/evidence
1294,prediction,Open,Validate and implement with tests/evidence
1295,medicine,Open,Validate and implement with tests/evidence
1296,rag,Open,Validate and implement with tests/evidence
1297,safety,Open,Validate and implement with tests/evidence
1298,security,Open,Validate and implement with tests/evidence
1299,data,Open,Validate and implement with tests/evidence
1300,devops,Open,Validate and implement with tests/evidence
1301,backend,Open,Validate and implement with tests/evidence
1302,frontend,Open,Validate and implement with tests/evidence
1303,voice_scan,Open,Validate and implement with tests/evidence
1304,prediction,Open,Validate and implement with tests/evidence
1305,medicine,Open,Validate and implement with tests/evidence
1306,rag,Open,Validate and implement with tests/evidence
1307,safety,Open,Validate and implement with tests/evidence
1308,security,Open,Validate and implement with tests/evidence
1309,data,Open,Validate and implement with tests/evidence
1310,devops,Open,Validate and implement with tests/evidence
1311,backend,Open,Validate and implement with tests/evidence
1312,frontend,Open,Validate and implement with tests/evidence
1313,voice_scan,Open,Validate and implement with tests/evidence
1314,prediction,Open,Validate and implement with tests/evidence
1315,medicine,Open,Validate and implement with tests/evidence
1316,rag,Open,Validate and implement with tests/evidence
1317,safety,Open,Validate and implement with tests/evidence
1318,security,Open,Validate and implement with tests/evidence
1319,data,Open,Validate and implement with tests/evidence
1320,devops,Open,Validate and implement with tests/evidence
1321,backend,Open,Validate and implement with tests/evidence
1322,frontend,Open,Validate and implement with tests/evidence
1323,voice_scan,Open,Validate and implement with tests/evidence
1324,prediction,Open,Validate and implement with tests/evidence
1325,medicine,Open,Validate and implement with tests/evidence
1326,rag,Open,Validate and implement with tests/evidence
1327,safety,Open,Validate and implement with tests/evidence
1328,security,Open,Validate and implement with tests/evidence
1329,data,Open,Validate and implement with tests/evidence
1330,devops,Open,Validate and implement with tests/evidence
1331,backend,Open,Validate and implement with tests/evidence
1332,frontend,Open,Validate and implement with tests/evidence
1333,voice_scan,Open,Validate and implement with tests/evidence
1334,prediction,Open,Validate and implement with tests/evidence
1335,medicine,Open,Validate and implement with tests/evidence
1336,rag,Open,Validate and implement with tests/evidence
1337,safety,Open,Validate and implement with tests/evidence
1338,security,Open,Validate and implement with tests/evidence
1339,data,Open,Validate and implement with tests/evidence
1340,devops,Open,Validate and implement with tests/evidence
1341,backend,Open,Validate and implement with tests/evidence
1342,frontend,Open,Validate and implement with tests/evidence
1343,voice_scan,Open,Validate and implement with tests/evidence
1344,prediction,Open,Validate and implement with tests/evidence
1345,medicine,Open,Validate and implement with tests/evidence
1346,rag,Open,Validate and implement with tests/evidence
1347,safety,Open,Validate and implement with tests/evidence
1348,security,Open,Validate and implement with tests/evidence
1349,data,Open,Validate and implement with tests/evidence
1350,devops,Open,Validate and implement with tests/evidence
1351,backend,Open,Validate and implement with tests/evidence
1352,frontend,Open,Validate and implement with tests/evidence
1353,voice_scan,Open,Validate and implement with tests/evidence
1354,prediction,Open,Validate and implement with tests/evidence
1355,medicine,Open,Validate and implement with tests/evidence
1356,rag,Open,Validate and implement with tests/evidence
1357,safety,Open,Validate and implement with tests/evidence
1358,security,Open,Validate and implement with tests/evidence
1359,data,Open,Validate and implement with tests/evidence
1360,devops,Open,Validate and implement with tests/evidence
1361,backend,Open,Validate and implement with tests/evidence
1362,frontend,Open,Validate and implement with tests/evidence
1363,voice_scan,Open,Validate and implement with tests/evidence
1364,prediction,Open,Validate and implement with tests/evidence
1365,medicine,Open,Validate and implement with tests/evidence
1366,rag,Open,Validate and implement with tests/evidence
1367,safety,Open,Validate and implement with tests/evidence
1368,security,Open,Validate and implement with tests/evidence
1369,data,Open,Validate and implement with tests/evidence
1370,devops,Open,Validate and implement with tests/evidence
1371,backend,Open,Validate and implement with tests/evidence
1372,frontend,Open,Validate and implement with tests/evidence
1373,voice_scan,Open,Validate and implement with tests/evidence
1374,prediction,Open,Validate and implement with tests/evidence
1375,medicine,Open,Validate and implement with tests/evidence
1376,rag,Open,Validate and implement with tests/evidence
1377,safety,Open,Validate and implement with tests/evidence
1378,security,Open,Validate and implement with tests/evidence
1379,data,Open,Validate and implement with tests/evidence
1380,devops,Open,Validate and implement with tests/evidence
1381,backend,Open,Validate and implement with tests/evidence
1382,frontend,Open,Validate and implement with tests/evidence
1383,voice_scan,Open,Validate and implement with tests/evidence
1384,prediction,Open,Validate and implement with tests/evidence
1385,medicine,Open,Validate and implement with tests/evidence
1386,rag,Open,Validate and implement with tests/evidence
1387,safety,Open,Validate and implement with tests/evidence
1388,security,Open,Validate and implement with tests/evidence
1389,data,Open,Validate and implement with tests/evidence
1390,devops,Open,Validate and implement with tests/evidence
1391,backend,Open,Validate and implement with tests/evidence
1392,frontend,Open,Validate and implement with tests/evidence
1393,voice_scan,Open,Validate and implement with tests/evidence
1394,prediction,Open,Validate and implement with tests/evidence
1395,medicine,Open,Validate and implement with tests/evidence
1396,rag,Open,Validate and implement with tests/evidence
1397,safety,Open,Validate and implement with tests/evidence
1398,security,Open,Validate and implement with tests/evidence
1399,data,Open,Validate and implement with tests/evidence
1400,devops,Open,Validate and implement with tests/evidence
1401,backend,Open,Validate and implement with tests/evidence
1402,frontend,Open,Validate and implement with tests/evidence
1403,voice_scan,Open,Validate and implement with tests/evidence
1404,prediction,Open,Validate and implement with tests/evidence
1405,medicine,Open,Validate and implement with tests/evidence
1406,rag,Open,Validate and implement with tests/evidence
1407,safety,Open,Validate and implement with tests/evidence
1408,security,Open,Validate and implement with tests/evidence
1409,data,Open,Validate and implement with tests/evidence
1410,devops,Open,Validate and implement with tests/evidence
1411,backend,Open,Validate and implement with tests/evidence
1412,frontend,Open,Validate and implement with tests/evidence
1413,voice_scan,Open,Validate and implement with tests/evidence
1414,prediction,Open,Validate and implement with tests/evidence
1415,medicine,Open,Validate and implement with tests/evidence
1416,rag,Open,Validate and implement with tests/evidence
1417,safety,Open,Validate and implement with tests/evidence
1418,security,Open,Validate and implement with tests/evidence
1419,data,Open,Validate and implement with tests/evidence
1420,devops,Open,Validate and implement with tests/evidence
1421,backend,Open,Validate and implement with tests/evidence
1422,frontend,Open,Validate and implement with tests/evidence
1423,voice_scan,Open,Validate and implement with tests/evidence
1424,prediction,Open,Validate and implement with tests/evidence
1425,medicine,Open,Validate and implement with tests/evidence
1426,rag,Open,Validate and implement with tests/evidence
1427,safety,Open,Validate and implement with tests/evidence
1428,security,Open,Validate and implement with tests/evidence
1429,data,Open,Validate and implement with tests/evidence
1430,devops,Open,Validate and implement with tests/evidence
1431,backend,Open,Validate and implement with tests/evidence
1432,frontend,Open,Validate and implement with tests/evidence
1433,voice_scan,Open,Validate and implement with tests/evidence
1434,prediction,Open,Validate and implement with tests/evidence
1435,medicine,Open,Validate and implement with tests/evidence
1436,rag,Open,Validate and implement with tests/evidence
1437,safety,Open,Validate and implement with tests/evidence
1438,security,Open,Validate and implement with tests/evidence
1439,data,Open,Validate and implement with tests/evidence
1440,devops,Open,Validate and implement with tests/evidence
1441,backend,Open,Validate and implement with tests/evidence
1442,frontend,Open,Validate and implement with tests/evidence
1443,voice_scan,Open,Validate and implement with tests/evidence
1444,prediction,Open,Validate and implement with tests/evidence
1445,medicine,Open,Validate and implement with tests/evidence
1446,rag,Open,Validate and implement with tests/evidence
1447,safety,Open,Validate and implement with tests/evidence
1448,security,Open,Validate and implement with tests/evidence
1449,data,Open,Validate and implement with tests/evidence
1450,devops,Open,Validate and implement with tests/evidence
1451,backend,Open,Validate and implement with tests/evidence
1452,frontend,Open,Validate and implement with tests/evidence
1453,voice_scan,Open,Validate and implement with tests/evidence
1454,prediction,Open,Validate and implement with tests/evidence
1455,medicine,Open,Validate and implement with tests/evidence
1456,rag,Open,Validate and implement with tests/evidence
1457,safety,Open,Validate and implement with tests/evidence
1458,security,Open,Validate and implement with tests/evidence
1459,data,Open,Validate and implement with tests/evidence
1460,devops,Open,Validate and implement with tests/evidence
1461,backend,Open,Validate and implement with tests/evidence
1462,frontend,Open,Validate and implement with tests/evidence
1463,voice_scan,Open,Validate and implement with tests/evidence
1464,prediction,Open,Validate and implement with tests/evidence
1465,medicine,Open,Validate and implement with tests/evidence
1466,rag,Open,Validate and implement with tests/evidence
1467,safety,Open,Validate and implement with tests/evidence
1468,security,Open,Validate and implement with tests/evidence
1469,data,Open,Validate and implement with tests/evidence
1470,devops,Open,Validate and implement with tests/evidence
1471,backend,Open,Validate and implement with tests/evidence
1472,frontend,Open,Validate and implement with tests/evidence
1473,voice_scan,Open,Validate and implement with tests/evidence
1474,prediction,Open,Validate and implement with tests/evidence
1475,medicine,Open,Validate and implement with tests/evidence
1476,rag,Open,Validate and implement with tests/evidence
1477,safety,Open,Validate and implement with tests/evidence
1478,security,Open,Validate and implement with tests/evidence
1479,data,Open,Validate and implement with tests/evidence
1480,devops,Open,Validate and implement with tests/evidence
1481,backend,Open,Validate and implement with tests/evidence
1482,frontend,Open,Validate and implement with tests/evidence
1483,voice_scan,Open,Validate and implement with tests/evidence
1484,prediction,Open,Validate and implement with tests/evidence
1485,medicine,Open,Validate and implement with tests/evidence
1486,rag,Open,Validate and implement with tests/evidence
1487,safety,Open,Validate and implement with tests/evidence
1488,security,Open,Validate and implement with tests/evidence
1489,data,Open,Validate and implement with tests/evidence
1490,devops,Open,Validate and implement with tests/evidence
1491,backend,Open,Validate and implement with tests/evidence
1492,frontend,Open,Validate and implement with tests/evidence
1493,voice_scan,Open,Validate and implement with tests/evidence
1494,prediction,Open,Validate and implement with tests/evidence
1495,medicine,Open,Validate and implement with tests/evidence
1496,rag,Open,Validate and implement with tests/evidence
1497,safety,Open,Validate and implement with tests/evidence
1498,security,Open,Validate and implement with tests/evidence
1499,data,Open,Validate and implement with tests/evidence
1500,devops,Open,Validate and implement with tests/evidence
1501,backend,Open,Validate and implement with tests/evidence
1502,frontend,Open,Validate and implement with tests/evidence
1503,voice_scan,Open,Validate and implement with tests/evidence
1504,prediction,Open,Validate and implement with tests/evidence
1505,medicine,Open,Validate and implement with tests/evidence
1506,rag,Open,Validate and implement with tests/evidence
1507,safety,Open,Validate and implement with tests/evidence
1508,security,Open,Validate and implement with tests/evidence
1509,data,Open,Validate and implement with tests/evidence
1510,devops,Open,Validate and implement with tests/evidence
1511,backend,Open,Validate and implement with tests/evidence
1512,frontend,Open,Validate and implement with tests/evidence
1513,voice_scan,Open,Validate and implement with tests/evidence
1514,prediction,Open,Validate and implement with tests/evidence
1515,medicine,Open,Validate and implement with tests/evidence
1516,rag,Open,Validate and implement with tests/evidence
1517,safety,Open,Validate and implement with tests/evidence
1518,security,Open,Validate and implement with tests/evidence
1519,data,Open,Validate and implement with tests/evidence
1520,devops,Open,Validate and implement with tests/evidence
1521,backend,Open,Validate and implement with tests/evidence
1522,frontend,Open,Validate and implement with tests/evidence
1523,voice_scan,Open,Validate and implement with tests/evidence
1524,prediction,Open,Validate and implement with tests/evidence
1525,medicine,Open,Validate and implement with tests/evidence
1526,rag,Open,Validate and implement with tests/evidence
1527,safety,Open,Validate and implement with tests/evidence
1528,security,Open,Validate and implement with tests/evidence
1529,data,Open,Validate and implement with tests/evidence
1530,devops,Open,Validate and implement with tests/evidence
1531,backend,Open,Validate and implement with tests/evidence
1532,frontend,Open,Validate and implement with tests/evidence
1533,voice_scan,Open,Validate and implement with tests/evidence
1534,prediction,Open,Validate and implement with tests/evidence
1535,medicine,Open,Validate and implement with tests/evidence
1536,rag,Open,Validate and implement with tests/evidence
1537,safety,Open,Validate and implement with tests/evidence
1538,security,Open,Validate and implement with tests/evidence
1539,data,Open,Validate and implement with tests/evidence
1540,devops,Open,Validate and implement with tests/evidence
1541,backend,Open,Validate and implement with tests/evidence
1542,frontend,Open,Validate and implement with tests/evidence
1543,voice_scan,Open,Validate and implement with tests/evidence
1544,prediction,Open,Validate and implement with tests/evidence
1545,medicine,Open,Validate and implement with tests/evidence
1546,rag,Open,Validate and implement with tests/evidence
1547,safety,Open,Validate and implement with tests/evidence
1548,security,Open,Validate and implement with tests/evidence
1549,data,Open,Validate and implement with tests/evidence
1550,devops,Open,Validate and implement with tests/evidence
1551,backend,Open,Validate and implement with tests/evidence
1552,frontend,Open,Validate and implement with tests/evidence
1553,voice_scan,Open,Validate and implement with tests/evidence
1554,prediction,Open,Validate and implement with tests/evidence
1555,medicine,Open,Validate and implement with tests/evidence
1556,rag,Open,Validate and implement with tests/evidence
1557,safety,Open,Validate and implement with tests/evidence
1558,security,Open,Validate and implement with tests/evidence
1559,data,Open,Validate and implement with tests/evidence
1560,devops,Open,Validate and implement with tests/evidence
1561,backend,Open,Validate and implement with tests/evidence
1562,frontend,Open,Validate and implement with tests/evidence
1563,voice_scan,Open,Validate and implement with tests/evidence
1564,prediction,Open,Validate and implement with tests/evidence
1565,medicine,Open,Validate and implement with tests/evidence
1566,rag,Open,Validate and implement with tests/evidence
1567,safety,Open,Validate and implement with tests/evidence
1568,security,Open,Validate and implement with tests/evidence
1569,data,Open,Validate and implement with tests/evidence
1570,devops,Open,Validate and implement with tests/evidence
1571,backend,Open,Validate and implement with tests/evidence
1572,frontend,Open,Validate and implement with tests/evidence
1573,voice_scan,Open,Validate and implement with tests/evidence
1574,prediction,Open,Validate and implement with tests/evidence
1575,medicine,Open,Validate and implement with tests/evidence
1576,rag,Open,Validate and implement with tests/evidence
1577,safety,Open,Validate and implement with tests/evidence
1578,security,Open,Validate and implement with tests/evidence
1579,data,Open,Validate and implement with tests/evidence
1580,devops,Open,Validate and implement with tests/evidence
1581,backend,Open,Validate and implement with tests/evidence
1582,frontend,Open,Validate and implement with tests/evidence
1583,voice_scan,Open,Validate and implement with tests/evidence
1584,prediction,Open,Validate and implement with tests/evidence
1585,medicine,Open,Validate and implement with tests/evidence
1586,rag,Open,Validate and implement with tests/evidence
1587,safety,Open,Validate and implement with tests/evidence
1588,security,Open,Validate and implement with tests/evidence
1589,data,Open,Validate and implement with tests/evidence
1590,devops,Open,Validate and implement with tests/evidence
1591,backend,Open,Validate and implement with tests/evidence
1592,frontend,Open,Validate and implement with tests/evidence
1593,voice_scan,Open,Validate and implement with tests/evidence
1594,prediction,Open,Validate and implement with tests/evidence
1595,medicine,Open,Validate and implement with tests/evidence
1596,rag,Open,Validate and implement with tests/evidence
1597,safety,Open,Validate and implement with tests/evidence
1598,security,Open,Validate and implement with tests/evidence
1599,data,Open,Validate and implement with tests/evidence
1600,devops,Open,Validate and implement with tests/evidence
1601,backend,Open,Validate and implement with tests/evidence
1602,frontend,Open,Validate and implement with tests/evidence
1603,voice_scan,Open,Validate and implement with tests/evidence
1604,prediction,Open,Validate and implement with tests/evidence
1605,medicine,Open,Validate and implement with tests/evidence
1606,rag,Open,Validate and implement with tests/evidence
1607,safety,Open,Validate and implement with tests/evidence
1608,security,Open,Validate and implement with tests/evidence
1609,data,Open,Validate and implement with tests/evidence
1610,devops,Open,Validate and implement with tests/evidence
1611,backend,Open,Validate and implement with tests/evidence
1612,frontend,Open,Validate and implement with tests/evidence
1613,voice_scan,Open,Validate and implement with tests/evidence
1614,prediction,Open,Validate and implement with tests/evidence
1615,medicine,Open,Validate and implement with tests/evidence
1616,rag,Open,Validate and implement with tests/evidence
1617,safety,Open,Validate and implement with tests/evidence
1618,security,Open,Validate and implement with tests/evidence
1619,data,Open,Validate and implement with tests/evidence
1620,devops,Open,Validate and implement with tests/evidence
1621,backend,Open,Validate and implement with tests/evidence
1622,frontend,Open,Validate and implement with tests/evidence
1623,voice_scan,Open,Validate and implement with tests/evidence
1624,prediction,Open,Validate and implement with tests/evidence
1625,medicine,Open,Validate and implement with tests/evidence
1626,rag,Open,Validate and implement with tests/evidence
1627,safety,Open,Validate and implement with tests/evidence
1628,security,Open,Validate and implement with tests/evidence
1629,data,Open,Validate and implement with tests/evidence
1630,devops,Open,Validate and implement with tests/evidence
1631,backend,Open,Validate and implement with tests/evidence
1632,frontend,Open,Validate and implement with tests/evidence
1633,voice_scan,Open,Validate and implement with tests/evidence
1634,prediction,Open,Validate and implement with tests/evidence
1635,medicine,Open,Validate and implement with tests/evidence
1636,rag,Open,Validate and implement with tests/evidence
1637,safety,Open,Validate and implement with tests/evidence
1638,security,Open,Validate and implement with tests/evidence
1639,data,Open,Validate and implement with tests/evidence
1640,devops,Open,Validate and implement with tests/evidence
1641,backend,Open,Validate and implement with tests/evidence
1642,frontend,Open,Validate and implement with tests/evidence
1643,voice_scan,Open,Validate and implement with tests/evidence
1644,prediction,Open,Validate and implement with tests/evidence
1645,medicine,Open,Validate and implement with tests/evidence
1646,rag,Open,Validate and implement with tests/evidence
1647,safety,Open,Validate and implement with tests/evidence
1648,security,Open,Validate and implement with tests/evidence
1649,data,Open,Validate and implement with tests/evidence
1650,devops,Open,Validate and implement with tests/evidence
1651,backend,Open,Validate and implement with tests/evidence
1652,frontend,Open,Validate and implement with tests/evidence
1653,voice_scan,Open,Validate and implement with tests/evidence
1654,prediction,Open,Validate and implement with tests/evidence
1655,medicine,Open,Validate and implement with tests/evidence
1656,rag,Open,Validate and implement with tests/evidence
1657,safety,Open,Validate and implement with tests/evidence
1658,security,Open,Validate and implement with tests/evidence
1659,data,Open,Validate and implement with tests/evidence
1660,devops,Open,Validate and implement with tests/evidence
1661,backend,Open,Validate and implement with tests/evidence
1662,frontend,Open,Validate and implement with tests/evidence
1663,voice_scan,Open,Validate and implement with tests/evidence
1664,prediction,Open,Validate and implement with tests/evidence
1665,medicine,Open,Validate and implement with tests/evidence
1666,rag,Open,Validate and implement with tests/evidence
1667,safety,Open,Validate and implement with tests/evidence
1668,security,Open,Validate and implement with tests/evidence
1669,data,Open,Validate and implement with tests/evidence
1670,devops,Open,Validate and implement with tests/evidence
1671,backend,Open,Validate and implement with tests/evidence
1672,frontend,Open,Validate and implement with tests/evidence
1673,voice_scan,Open,Validate and implement with tests/evidence
1674,prediction,Open,Validate and implement with tests/evidence
1675,medicine,Open,Validate and implement with tests/evidence
1676,rag,Open,Validate and implement with tests/evidence
1677,safety,Open,Validate and implement with tests/evidence
1678,security,Open,Validate and implement with tests/evidence
1679,data,Open,Validate and implement with tests/evidence
1680,devops,Open,Validate and implement with tests/evidence
1681,backend,Open,Validate and implement with tests/evidence
1682,frontend,Open,Validate and implement with tests/evidence
1683,voice_scan,Open,Validate and implement with tests/evidence
1684,prediction,Open,Validate and implement with tests/evidence
1685,medicine,Open,Validate and implement with tests/evidence
1686,rag,Open,Validate and implement with tests/evidence
1687,safety,Open,Validate and implement with tests/evidence
1688,security,Open,Validate and implement with tests/evidence
1689,data,Open,Validate and implement with tests/evidence
1690,devops,Open,Validate and implement with tests/evidence
1691,backend,Open,Validate and implement with tests/evidence
1692,frontend,Open,Validate and implement with tests/evidence
1693,voice_scan,Open,Validate and implement with tests/evidence
1694,prediction,Open,Validate and implement with tests/evidence
1695,medicine,Open,Validate and implement with tests/evidence
1696,rag,Open,Validate and implement with tests/evidence
1697,safety,Open,Validate and implement with tests/evidence
1698,security,Open,Validate and implement with tests/evidence
1699,data,Open,Validate and implement with tests/evidence
1700,devops,Open,Validate and implement with tests/evidence
1701,backend,Open,Validate and implement with tests/evidence
1702,frontend,Open,Validate and implement with tests/evidence
1703,voice_scan,Open,Validate and implement with tests/evidence
1704,prediction,Open,Validate and implement with tests/evidence
1705,medicine,Open,Validate and implement with tests/evidence
1706,rag,Open,Validate and implement with tests/evidence
1707,safety,Open,Validate and implement with tests/evidence
1708,security,Open,Validate and implement with tests/evidence
1709,data,Open,Validate and implement with tests/evidence
1710,devops,Open,Validate and implement with tests/evidence
1711,backend,Open,Validate and implement with tests/evidence
1712,frontend,Open,Validate and implement with tests/evidence
1713,voice_scan,Open,Validate and implement with tests/evidence
1714,prediction,Open,Validate and implement with tests/evidence
1715,medicine,Open,Validate and implement with tests/evidence
1716,rag,Open,Validate and implement with tests/evidence
1717,safety,Open,Validate and implement with tests/evidence
1718,security,Open,Validate and implement with tests/evidence
1719,data,Open,Validate and implement with tests/evidence
1720,devops,Open,Validate and implement with tests/evidence
1721,backend,Open,Validate and implement with tests/evidence
1722,frontend,Open,Validate and implement with tests/evidence
1723,voice_scan,Open,Validate and implement with tests/evidence
1724,prediction,Open,Validate and implement with tests/evidence
1725,medicine,Open,Validate and implement with tests/evidence
1726,rag,Open,Validate and implement with tests/evidence
1727,safety,Open,Validate and implement with tests/evidence
1728,security,Open,Validate and implement with tests/evidence
1729,data,Open,Validate and implement with tests/evidence
1730,devops,Open,Validate and implement with tests/evidence
1731,backend,Open,Validate and implement with tests/evidence
1732,frontend,Open,Validate and implement with tests/evidence
1733,voice_scan,Open,Validate and implement with tests/evidence
1734,prediction,Open,Validate and implement with tests/evidence
1735,medicine,Open,Validate and implement with tests/evidence
1736,rag,Open,Validate and implement with tests/evidence
1737,safety,Open,Validate and implement with tests/evidence
1738,security,Open,Validate and implement with tests/evidence
1739,data,Open,Validate and implement with tests/evidence
1740,devops,Open,Validate and implement with tests/evidence
1741,backend,Open,Validate and implement with tests/evidence
1742,frontend,Open,Validate and implement with tests/evidence
1743,voice_scan,Open,Validate and implement with tests/evidence
1744,prediction,Open,Validate and implement with tests/evidence
1745,medicine,Open,Validate and implement with tests/evidence
1746,rag,Open,Validate and implement with tests/evidence
1747,safety,Open,Validate and implement with tests/evidence
1748,security,Open,Validate and implement with tests/evidence
1749,data,Open,Validate and implement with tests/evidence
1750,devops,Open,Validate and implement with tests/evidence
1751,backend,Open,Validate and implement with tests/evidence
1752,frontend,Open,Validate and implement with tests/evidence
1753,voice_scan,Open,Validate and implement with tests/evidence
1754,prediction,Open,Validate and implement with tests/evidence
1755,medicine,Open,Validate and implement with tests/evidence
1756,rag,Open,Validate and implement with tests/evidence
1757,safety,Open,Validate and implement with tests/evidence
1758,security,Open,Validate and implement with tests/evidence
1759,data,Open,Validate and implement with tests/evidence
1760,devops,Open,Validate and implement with tests/evidence
1761,backend,Open,Validate and implement with tests/evidence
1762,frontend,Open,Validate and implement with tests/evidence
1763,voice_scan,Open,Validate and implement with tests/evidence
1764,prediction,Open,Validate and implement with tests/evidence
1765,medicine,Open,Validate and implement with tests/evidence
1766,rag,Open,Validate and implement with tests/evidence
1767,safety,Open,Validate and implement with tests/evidence
1768,security,Open,Validate and implement with tests/evidence
1769,data,Open,Validate and implement with tests/evidence
1770,devops,Open,Validate and implement with tests/evidence
1771,backend,Open,Validate and implement with tests/evidence
1772,frontend,Open,Validate and implement with tests/evidence
1773,voice_scan,Open,Validate and implement with tests/evidence
1774,prediction,Open,Validate and implement with tests/evidence
1775,medicine,Open,Validate and implement with tests/evidence
1776,rag,Open,Validate and implement with tests/evidence
1777,safety,Open,Validate and implement with tests/evidence
1778,security,Open,Validate and implement with tests/evidence
1779,data,Open,Validate and implement with tests/evidence
1780,devops,Open,Validate and implement with tests/evidence
1781,backend,Open,Validate and implement with tests/evidence
1782,frontend,Open,Validate and implement with tests/evidence
1783,voice_scan,Open,Validate and implement with tests/evidence
1784,prediction,Open,Validate and implement with tests/evidence
1785,medicine,Open,Validate and implement with tests/evidence
1786,rag,Open,Validate and implement with tests/evidence
1787,safety,Open,Validate and implement with tests/evidence
1788,security,Open,Validate and implement with tests/evidence
1789,data,Open,Validate and implement with tests/evidence
1790,devops,Open,Validate and implement with tests/evidence
1791,backend,Open,Validate and implement with tests/evidence
1792,frontend,Open,Validate and implement with tests/evidence
1793,voice_scan,Open,Validate and implement with tests/evidence
1794,prediction,Open,Validate and implement with tests/evidence
1795,medicine,Open,Validate and implement with tests/evidence
1796,rag,Open,Validate and implement with tests/evidence
1797,safety,Open,Validate and implement with tests/evidence
1798,security,Open,Validate and implement with tests/evidence
1799,data,Open,Validate and implement with tests/evidence
1800,devops,Open,Validate and implement with tests/evidence
1801,backend,Open,Validate and implement with tests/evidence
1802,frontend,Open,Validate and implement with tests/evidence
1803,voice_scan,Open,Validate and implement with tests/evidence
1804,prediction,Open,Validate and implement with tests/evidence
1805,medicine,Open,Validate and implement with tests/evidence
1806,rag,Open,Validate and implement with tests/evidence
1807,safety,Open,Validate and implement with tests/evidence
1808,security,Open,Validate and implement with tests/evidence
1809,data,Open,Validate and implement with tests/evidence
1810,devops,Open,Validate and implement with tests/evidence
1811,backend,Open,Validate and implement with tests/evidence
1812,frontend,Open,Validate and implement with tests/evidence
1813,voice_scan,Open,Validate and implement with tests/evidence
1814,prediction,Open,Validate and implement with tests/evidence
1815,medicine,Open,Validate and implement with tests/evidence
1816,rag,Open,Validate and implement with tests/evidence
1817,safety,Open,Validate and implement with tests/evidence
1818,security,Open,Validate and implement with tests/evidence
1819,data,Open,Validate and implement with tests/evidence
1820,devops,Open,Validate and implement with tests/evidence
1821,backend,Open,Validate and implement with tests/evidence
1822,frontend,Open,Validate and implement with tests/evidence
1823,voice_scan,Open,Validate and implement with tests/evidence
1824,prediction,Open,Validate and implement with tests/evidence
1825,medicine,Open,Validate and implement with tests/evidence
1826,rag,Open,Validate and implement with tests/evidence
1827,safety,Open,Validate and implement with tests/evidence
1828,security,Open,Validate and implement with tests/evidence
1829,data,Open,Validate and implement with tests/evidence
1830,devops,Open,Validate and implement with tests/evidence
1831,backend,Open,Validate and implement with tests/evidence
1832,frontend,Open,Validate and implement with tests/evidence
1833,voice_scan,Open,Validate and implement with tests/evidence
1834,prediction,Open,Validate and implement with tests/evidence
1835,medicine,Open,Validate and implement with tests/evidence
1836,rag,Open,Validate and implement with tests/evidence
1837,safety,Open,Validate and implement with tests/evidence
1838,security,Open,Validate and implement with tests/evidence
1839,data,Open,Validate and implement with tests/evidence
1840,devops,Open,Validate and implement with tests/evidence
1841,backend,Open,Validate and implement with tests/evidence
1842,frontend,Open,Validate and implement with tests/evidence
1843,voice_scan,Open,Validate and implement with tests/evidence
1844,prediction,Open,Validate and implement with tests/evidence
1845,medicine,Open,Validate and implement with tests/evidence
1846,rag,Open,Validate and implement with tests/evidence
1847,safety,Open,Validate and implement with tests/evidence
1848,security,Open,Validate and implement with tests/evidence
1849,data,Open,Validate and implement with tests/evidence
1850,devops,Open,Validate and implement with tests/evidence
1851,backend,Open,Validate and implement with tests/evidence
1852,frontend,Open,Validate and implement with tests/evidence
1853,voice_scan,Open,Validate and implement with tests/evidence
1854,prediction,Open,Validate and implement with tests/evidence
1855,medicine,Open,Validate and implement with tests/evidence
1856,rag,Open,Validate and implement with tests/evidence
1857,safety,Open,Validate and implement with tests/evidence
1858,security,Open,Validate and implement with tests/evidence
1859,data,Open,Validate and implement with tests/evidence
1860,devops,Open,Validate and implement with tests/evidence
1861,backend,Open,Validate and implement with tests/evidence
1862,frontend,Open,Validate and implement with tests/evidence
1863,voice_scan,Open,Validate and implement with tests/evidence
1864,prediction,Open,Validate and implement with tests/evidence
1865,medicine,Open,Validate and implement with tests/evidence
1866,rag,Open,Validate and implement with tests/evidence
1867,safety,Open,Validate and implement with tests/evidence
1868,security,Open,Validate and implement with tests/evidence
1869,data,Open,Validate and implement with tests/evidence
1870,devops,Open,Validate and implement with tests/evidence
1871,backend,Open,Validate and implement with tests/evidence
1872,frontend,Open,Validate and implement with tests/evidence
1873,voice_scan,Open,Validate and implement with tests/evidence
1874,prediction,Open,Validate and implement with tests/evidence
1875,medicine,Open,Validate and implement with tests/evidence
1876,rag,Open,Validate and implement with tests/evidence
1877,safety,Open,Validate and implement with tests/evidence
1878,security,Open,Validate and implement with tests/evidence
1879,data,Open,Validate and implement with tests/evidence
1880,devops,Open,Validate and implement with tests/evidence
1881,backend,Open,Validate and implement with tests/evidence
1882,frontend,Open,Validate and implement with tests/evidence
1883,voice_scan,Open,Validate and implement with tests/evidence
1884,prediction,Open,Validate and implement with tests/evidence
1885,medicine,Open,Validate and implement with tests/evidence
1886,rag,Open,Validate and implement with tests/evidence
1887,safety,Open,Validate and implement with tests/evidence
1888,security,Open,Validate and implement with tests/evidence
1889,data,Open,Validate and implement with tests/evidence
1890,devops,Open,Validate and implement with tests/evidence
1891,backend,Open,Validate and implement with tests/evidence
1892,frontend,Open,Validate and implement with tests/evidence
1893,voice_scan,Open,Validate and implement with tests/evidence
1894,prediction,Open,Validate and implement with tests/evidence
1895,medicine,Open,Validate and implement with tests/evidence
1896,rag,Open,Validate and implement with tests/evidence
1897,safety,Open,Validate and implement with tests/evidence
1898,security,Open,Validate and implement with tests/evidence
1899,data,Open,Validate and implement with tests/evidence
1900,devops,Open,Validate and implement with tests/evidence
1901,backend,Open,Validate and implement with tests/evidence
1902,frontend,Open,Validate and implement with tests/evidence
1903,voice_scan,Open,Validate and implement with tests/evidence
1904,prediction,Open,Validate and implement with tests/evidence
1905,medicine,Open,Validate and implement with tests/evidence
1906,rag,Open,Validate and implement with tests/evidence
1907,safety,Open,Validate and implement with tests/evidence
1908,security,Open,Validate and implement with tests/evidence
1909,data,Open,Validate and implement with tests/evidence
1910,devops,Open,Validate and implement with tests/evidence
1911,backend,Open,Validate and implement with tests/evidence
1912,frontend,Open,Validate and implement with tests/evidence
1913,voice_scan,Open,Validate and implement with tests/evidence
1914,prediction,Open,Validate and implement with tests/evidence
1915,medicine,Open,Validate and implement with tests/evidence
1916,rag,Open,Validate and implement with tests/evidence
1917,safety,Open,Validate and implement with tests/evidence
1918,security,Open,Validate and implement with tests/evidence
1919,data,Open,Validate and implement with tests/evidence
1920,devops,Open,Validate and implement with tests/evidence
1921,backend,Open,Validate and implement with tests/evidence
1922,frontend,Open,Validate and implement with tests/evidence
1923,voice_scan,Open,Validate and implement with tests/evidence
1924,prediction,Open,Validate and implement with tests/evidence
1925,medicine,Open,Validate and implement with tests/evidence
1926,rag,Open,Validate and implement with tests/evidence
1927,safety,Open,Validate and implement with tests/evidence
1928,security,Open,Validate and implement with tests/evidence
1929,data,Open,Validate and implement with tests/evidence
1930,devops,Open,Validate and implement with tests/evidence
1931,backend,Open,Validate and implement with tests/evidence
1932,frontend,Open,Validate and implement with tests/evidence
1933,voice_scan,Open,Validate and implement with tests/evidence
1934,prediction,Open,Validate and implement with tests/evidence
1935,medicine,Open,Validate and implement with tests/evidence
1936,rag,Open,Validate and implement with tests/evidence
1937,safety,Open,Validate and implement with tests/evidence
1938,security,Open,Validate and implement with tests/evidence
1939,data,Open,Validate and implement with tests/evidence
1940,devops,Open,Validate and implement with tests/evidence
1941,backend,Open,Validate and implement with tests/evidence
1942,frontend,Open,Validate and implement with tests/evidence
1943,voice_scan,Open,Validate and implement with tests/evidence
1944,prediction,Open,Validate and implement with tests/evidence
1945,medicine,Open,Validate and implement with tests/evidence
1946,rag,Open,Validate and implement with tests/evidence
1947,safety,Open,Validate and implement with tests/evidence
1948,security,Open,Validate and implement with tests/evidence
1949,data,Open,Validate and implement with tests/evidence
1950,devops,Open,Validate and implement with tests/evidence
1951,backend,Open,Validate and implement with tests/evidence
1952,frontend,Open,Validate and implement with tests/evidence
1953,voice_scan,Open,Validate and implement with tests/evidence
1954,prediction,Open,Validate and implement with tests/evidence
1955,medicine,Open,Validate and implement with tests/evidence
1956,rag,Open,Validate and implement with tests/evidence
1957,safety,Open,Validate and implement with tests/evidence
1958,security,Open,Validate and implement with tests/evidence
1959,data,Open,Validate and implement with tests/evidence
1960,devops,Open,Validate and implement with tests/evidence
1961,backend,Open,Validate and implement with tests/evidence
1962,frontend,Open,Validate and implement with tests/evidence
1963,voice_scan,Open,Validate and implement with tests/evidence
1964,prediction,Open,Validate and implement with tests/evidence
1965,medicine,Open,Validate and implement with tests/evidence
1966,rag,Open,Validate and implement with tests/evidence
1967,safety,Open,Validate and implement with tests/evidence
1968,security,Open,Validate and implement with tests/evidence
1969,data,Open,Validate and implement with tests/evidence
1970,devops,Open,Validate and implement with tests/evidence
1971,backend,Open,Validate and implement with tests/evidence
1972,frontend,Open,Validate and implement with tests/evidence
1973,voice_scan,Open,Validate and implement with tests/evidence
1974,prediction,Open,Validate and implement with tests/evidence
1975,medicine,Open,Validate and implement with tests/evidence
1976,rag,Open,Validate and implement with tests/evidence
1977,safety,Open,Validate and implement with tests/evidence
1978,security,Open,Validate and implement with tests/evidence
1979,data,Open,Validate and implement with tests/evidence
1980,devops,Open,Validate and implement with tests/evidence
1981,backend,Open,Validate and implement with tests/evidence
1982,frontend,Open,Validate and implement with tests/evidence
1983,voice_scan,Open,Validate and implement with tests/evidence
1984,prediction,Open,Validate and implement with tests/evidence
1985,medicine,Open,Validate and implement with tests/evidence
1986,rag,Open,Validate and implement with tests/evidence
1987,safety,Open,Validate and implement with tests/evidence
1988,security,Open,Validate and implement with tests/evidence
1989,data,Open,Validate and implement with tests/evidence
1990,devops,Open,Validate and implement with tests/evidence
1991,backend,Open,Validate and implement with tests/evidence
1992,frontend,Open,Validate and implement with tests/evidence
1993,voice_scan,Open,Validate and implement with tests/evidence
1994,prediction,Open,Validate and implement with tests/evidence
1995,medicine,Open,Validate and implement with tests/evidence
1996,rag,Open,Validate and implement with tests/evidence
1997,safety,Open,Validate and implement with tests/evidence
1998,security,Open,Validate and implement with tests/evidence
1999,data,Open,Validate and implement with tests/evidence
2000,devops,Open,Validate and implement with tests/evidence
2001,backend,Open,Validate and implement with tests/evidence
2002,frontend,Open,Validate and implement with tests/evidence
2003,voice_scan,Open,Validate and implement with tests/evidence
2004,prediction,Open,Validate and implement with tests/evidence
2005,medicine,Open,Validate and implement with tests/evidence
2006,rag,Open,Validate and implement with tests/evidence
2007,safety,Open,Validate and implement with tests/evidence
2008,security,Open,Validate and implement with tests/evidence
2009,data,Open,Validate and implement with tests/evidence
2010,devops,Open,Validate and implement with tests/evidence
2011,backend,Open,Validate and implement with tests/evidence
2012,frontend,Open,Validate and implement with tests/evidence
2013,voice_scan,Open,Validate and implement with tests/evidence
2014,prediction,Open,Validate and implement with tests/evidence
2015,medicine,Open,Validate and implement with tests/evidence
2016,rag,Open,Validate and implement with tests/evidence
2017,safety,Open,Validate and implement with tests/evidence
2018,security,Open,Validate and implement with tests/evidence
2019,data,Open,Validate and implement with tests/evidence
2020,devops,Open,Validate and implement with tests/evidence
2021,backend,Open,Validate and implement with tests/evidence
2022,frontend,Open,Validate and implement with tests/evidence
2023,voice_scan,Open,Validate and implement with tests/evidence
2024,prediction,Open,Validate and implement with tests/evidence
2025,medicine,Open,Validate and implement with tests/evidence
2026,rag,Open,Validate and implement with tests/evidence
2027,safety,Open,Validate and implement with tests/evidence
2028,security,Open,Validate and implement with tests/evidence
2029,data,Open,Validate and implement with tests/evidence
2030,devops,Open,Validate and implement with tests/evidence
2031,backend,Open,Validate and implement with tests/evidence
2032,frontend,Open,Validate and implement with tests/evidence
2033,voice_scan,Open,Validate and implement with tests/evidence
2034,prediction,Open,Validate and implement with tests/evidence
2035,medicine,Open,Validate and implement with tests/evidence
2036,rag,Open,Validate and implement with tests/evidence
2037,safety,Open,Validate and implement with tests/evidence
2038,security,Open,Validate and implement with tests/evidence
2039,data,Open,Validate and implement with tests/evidence
2040,devops,Open,Validate and implement with tests/evidence
2041,backend,Open,Validate and implement with tests/evidence
2042,frontend,Open,Validate and implement with tests/evidence
2043,voice_scan,Open,Validate and implement with tests/evidence
2044,prediction,Open,Validate and implement with tests/evidence
2045,medicine,Open,Validate and implement with tests/evidence
2046,rag,Open,Validate and implement with tests/evidence
2047,safety,Open,Validate and implement with tests/evidence
2048,security,Open,Validate and implement with tests/evidence
2049,data,Open,Validate and implement with tests/evidence
2050,devops,Open,Validate and implement with tests/evidence
2051,backend,Open,Validate and implement with tests/evidence
2052,frontend,Open,Validate and implement with tests/evidence
2053,voice_scan,Open,Validate and implement with tests/evidence
2054,prediction,Open,Validate and implement with tests/evidence
2055,medicine,Open,Validate and implement with tests/evidence
2056,rag,Open,Validate and implement with tests/evidence
2057,safety,Open,Validate and implement with tests/evidence
2058,security,Open,Validate and implement with tests/evidence
2059,data,Open,Validate and implement with tests/evidence
2060,devops,Open,Validate and implement with tests/evidence
2061,backend,Open,Validate and implement with tests/evidence
2062,frontend,Open,Validate and implement with tests/evidence
2063,voice_scan,Open,Validate and implement with tests/evidence
2064,prediction,Open,Validate and implement with tests/evidence
2065,medicine,Open,Validate and implement with tests/evidence
2066,rag,Open,Validate and implement with tests/evidence
2067,safety,Open,Validate and implement with tests/evidence
2068,security,Open,Validate and implement with tests/evidence
2069,data,Open,Validate and implement with tests/evidence
2070,devops,Open,Validate and implement with tests/evidence
2071,backend,Open,Validate and implement with tests/evidence
2072,frontend,Open,Validate and implement with tests/evidence
2073,voice_scan,Open,Validate and implement with tests/evidence
2074,prediction,Open,Validate and implement with tests/evidence
2075,medicine,Open,Validate and implement with tests/evidence
2076,rag,Open,Validate and implement with tests/evidence
2077,safety,Open,Validate and implement with tests/evidence
2078,security,Open,Validate and implement with tests/evidence
2079,data,Open,Validate and implement with tests/evidence
2080,devops,Open,Validate and implement with tests/evidence
2081,backend,Open,Validate and implement with tests/evidence
2082,frontend,Open,Validate and implement with tests/evidence
2083,voice_scan,Open,Validate and implement with tests/evidence
2084,prediction,Open,Validate and implement with tests/evidence
2085,medicine,Open,Validate and implement with tests/evidence
2086,rag,Open,Validate and implement with tests/evidence
2087,safety,Open,Validate and implement with tests/evidence
2088,security,Open,Validate and implement with tests/evidence
2089,data,Open,Validate and implement with tests/evidence
2090,devops,Open,Validate and implement with tests/evidence
2091,backend,Open,Validate and implement with tests/evidence
2092,frontend,Open,Validate and implement with tests/evidence
2093,voice_scan,Open,Validate and implement with tests/evidence
2094,prediction,Open,Validate and implement with tests/evidence
2095,medicine,Open,Validate and implement with tests/evidence
2096,rag,Open,Validate and implement with tests/evidence
2097,safety,Open,Validate and implement with tests/evidence
2098,security,Open,Validate and implement with tests/evidence
2099,data,Open,Validate and implement with tests/evidence
2100,devops,Open,Validate and implement with tests/evidence
2101,backend,Open,Validate and implement with tests/evidence
2102,frontend,Open,Validate and implement with tests/evidence
2103,voice_scan,Open,Validate and implement with tests/evidence
2104,prediction,Open,Validate and implement with tests/evidence
2105,medicine,Open,Validate and implement with tests/evidence
2106,rag,Open,Validate and implement with tests/evidence
2107,safety,Open,Validate and implement with tests/evidence
2108,security,Open,Validate and implement with tests/evidence
2109,data,Open,Validate and implement with tests/evidence
2110,devops,Open,Validate and implement with tests/evidence
2111,backend,Open,Validate and implement with tests/evidence
2112,frontend,Open,Validate and implement with tests/evidence
2113,voice_scan,Open,Validate and implement with tests/evidence
2114,prediction,Open,Validate and implement with tests/evidence
2115,medicine,Open,Validate and implement with tests/evidence
2116,rag,Open,Validate and implement with tests/evidence
2117,safety,Open,Validate and implement with tests/evidence
2118,security,Open,Validate and implement with tests/evidence
2119,data,Open,Validate and implement with tests/evidence
2120,devops,Open,Validate and implement with tests/evidence
2121,backend,Open,Validate and implement with tests/evidence
2122,frontend,Open,Validate and implement with tests/evidence
2123,voice_scan,Open,Validate and implement with tests/evidence
2124,prediction,Open,Validate and implement with tests/evidence
2125,medicine,Open,Validate and implement with tests/evidence
2126,rag,Open,Validate and implement with tests/evidence
2127,safety,Open,Validate and implement with tests/evidence
2128,security,Open,Validate and implement with tests/evidence
2129,data,Open,Validate and implement with tests/evidence
2130,devops,Open,Validate and implement with tests/evidence
2131,backend,Open,Validate and implement with tests/evidence
2132,frontend,Open,Validate and implement with tests/evidence
2133,voice_scan,Open,Validate and implement with tests/evidence
2134,prediction,Open,Validate and implement with tests/evidence
2135,medicine,Open,Validate and implement with tests/evidence
2136,rag,Open,Validate and implement with tests/evidence
2137,safety,Open,Validate and implement with tests/evidence
2138,security,Open,Validate and implement with tests/evidence
2139,data,Open,Validate and implement with tests/evidence
2140,devops,Open,Validate and implement with tests/evidence
2141,backend,Open,Validate and implement with tests/evidence
2142,frontend,Open,Validate and implement with tests/evidence
2143,voice_scan,Open,Validate and implement with tests/evidence
2144,prediction,Open,Validate and implement with tests/evidence
2145,medicine,Open,Validate and implement with tests/evidence
2146,rag,Open,Validate and implement with tests/evidence
2147,safety,Open,Validate and implement with tests/evidence
2148,security,Open,Validate and implement with tests/evidence
2149,data,Open,Validate and implement with tests/evidence
2150,devops,Open,Validate and implement with tests/evidence
2151,backend,Open,Validate and implement with tests/evidence
2152,frontend,Open,Validate and implement with tests/evidence
2153,voice_scan,Open,Validate and implement with tests/evidence
2154,prediction,Open,Validate and implement with tests/evidence
2155,medicine,Open,Validate and implement with tests/evidence
2156,rag,Open,Validate and implement with tests/evidence
2157,safety,Open,Validate and implement with tests/evidence
2158,security,Open,Validate and implement with tests/evidence
2159,data,Open,Validate and implement with tests/evidence
2160,devops,Open,Validate and implement with tests/evidence
2161,backend,Open,Validate and implement with tests/evidence
2162,frontend,Open,Validate and implement with tests/evidence
2163,voice_scan,Open,Validate and implement with tests/evidence
2164,prediction,Open,Validate and implement with tests/evidence
2165,medicine,Open,Validate and implement with tests/evidence
2166,rag,Open,Validate and implement with tests/evidence
2167,safety,Open,Validate and implement with tests/evidence
2168,security,Open,Validate and implement with tests/evidence
2169,data,Open,Validate and implement with tests/evidence
2170,devops,Open,Validate and implement with tests/evidence
2171,backend,Open,Validate and implement with tests/evidence
2172,frontend,Open,Validate and implement with tests/evidence
2173,voice_scan,Open,Validate and implement with tests/evidence
2174,prediction,Open,Validate and implement with tests/evidence
2175,medicine,Open,Validate and implement with tests/evidence
2176,rag,Open,Validate and implement with tests/evidence
2177,safety,Open,Validate and implement with tests/evidence
2178,security,Open,Validate and implement with tests/evidence
2179,data,Open,Validate and implement with tests/evidence
2180,devops,Open,Validate and implement with tests/evidence
2181,backend,Open,Validate and implement with tests/evidence
2182,frontend,Open,Validate and implement with tests/evidence
2183,voice_scan,Open,Validate and implement with tests/evidence
2184,prediction,Open,Validate and implement with tests/evidence
2185,medicine,Open,Validate and implement with tests/evidence
2186,rag,Open,Validate and implement with tests/evidence
2187,safety,Open,Validate and implement with tests/evidence
2188,security,Open,Validate and implement with tests/evidence
2189,data,Open,Validate and implement with tests/evidence
2190,devops,Open,Validate and implement with tests/evidence
2191,backend,Open,Validate and implement with tests/evidence
2192,frontend,Open,Validate and implement with tests/evidence
2193,voice_scan,Open,Validate and implement with tests/evidence
2194,prediction,Open,Validate and implement with tests/evidence
2195,medicine,Open,Validate and implement with tests/evidence
2196,rag,Open,Validate and implement with tests/evidence
2197,safety,Open,Validate and implement with tests/evidence
2198,security,Open,Validate and implement with tests/evidence
2199,data,Open,Validate and implement with tests/evidence
2200,devops,Open,Validate and implement with tests/evidence
2201,backend,Open,Validate and implement with tests/evidence
2202,frontend,Open,Validate and implement with tests/evidence
2203,voice_scan,Open,Validate and implement with tests/evidence
2204,prediction,Open,Validate and implement with tests/evidence
2205,medicine,Open,Validate and implement with tests/evidence
2206,rag,Open,Validate and implement with tests/evidence
2207,safety,Open,Validate and implement with tests/evidence
2208,security,Open,Validate and implement with tests/evidence
2209,data,Open,Validate and implement with tests/evidence
2210,devops,Open,Validate and implement with tests/evidence
2211,backend,Open,Validate and implement with tests/evidence
2212,frontend,Open,Validate and implement with tests/evidence
2213,voice_scan,Open,Validate and implement with tests/evidence
2214,prediction,Open,Validate and implement with tests/evidence
2215,medicine,Open,Validate and implement with tests/evidence
2216,rag,Open,Validate and implement with tests/evidence
2217,safety,Open,Validate and implement with tests/evidence
2218,security,Open,Validate and implement with tests/evidence
2219,data,Open,Validate and implement with tests/evidence
2220,devops,Open,Validate and implement with tests/evidence
2221,backend,Open,Validate and implement with tests/evidence
2222,frontend,Open,Validate and implement with tests/evidence
2223,voice_scan,Open,Validate and implement with tests/evidence
2224,prediction,Open,Validate and implement with tests/evidence
2225,medicine,Open,Validate and implement with tests/evidence
2226,rag,Open,Validate and implement with tests/evidence
2227,safety,Open,Validate and implement with tests/evidence
2228,security,Open,Validate and implement with tests/evidence
2229,data,Open,Validate and implement with tests/evidence
2230,devops,Open,Validate and implement with tests/evidence
2231,backend,Open,Validate and implement with tests/evidence
2232,frontend,Open,Validate and implement with tests/evidence
2233,voice_scan,Open,Validate and implement with tests/evidence
2234,prediction,Open,Validate and implement with tests/evidence
2235,medicine,Open,Validate and implement with tests/evidence
2236,rag,Open,Validate and implement with tests/evidence
2237,safety,Open,Validate and implement with tests/evidence
2238,security,Open,Validate and implement with tests/evidence
2239,data,Open,Validate and implement with tests/evidence
2240,devops,Open,Validate and implement with tests/evidence
2241,backend,Open,Validate and implement with tests/evidence
2242,frontend,Open,Validate and implement with tests/evidence
2243,voice_scan,Open,Validate and implement with tests/evidence
2244,prediction,Open,Validate and implement with tests/evidence
2245,medicine,Open,Validate and implement with tests/evidence
2246,rag,Open,Validate and implement with tests/evidence
2247,safety,Open,Validate and implement with tests/evidence
2248,security,Open,Validate and implement with tests/evidence
2249,data,Open,Validate and implement with tests/evidence
2250,devops,Open,Validate and implement with tests/evidence
2251,backend,Open,Validate and implement with tests/evidence
2252,frontend,Open,Validate and implement with tests/evidence
2253,voice_scan,Open,Validate and implement with tests/evidence
2254,prediction,Open,Validate and implement with tests/evidence
2255,medicine,Open,Validate and implement with tests/evidence
2256,rag,Open,Validate and implement with tests/evidence
2257,safety,Open,Validate and implement with tests/evidence
2258,security,Open,Validate and implement with tests/evidence
2259,data,Open,Validate and implement with tests/evidence
2260,devops,Open,Validate and implement with tests/evidence
2261,backend,Open,Validate and implement with tests/evidence
2262,frontend,Open,Validate and implement with tests/evidence
2263,voice_scan,Open,Validate and implement with tests/evidence
2264,prediction,Open,Validate and implement with tests/evidence
2265,medicine,Open,Validate and implement with tests/evidence
2266,rag,Open,Validate and implement with tests/evidence
2267,safety,Open,Validate and implement with tests/evidence
2268,security,Open,Validate and implement with tests/evidence
2269,data,Open,Validate and implement with tests/evidence
2270,devops,Open,Validate and implement with tests/evidence
2271,backend,Open,Validate and implement with tests/evidence
2272,frontend,Open,Validate and implement with tests/evidence
2273,voice_scan,Open,Validate and implement with tests/evidence
2274,prediction,Open,Validate and implement with tests/evidence
2275,medicine,Open,Validate and implement with tests/evidence
2276,rag,Open,Validate and implement with tests/evidence
2277,safety,Open,Validate and implement with tests/evidence
2278,security,Open,Validate and implement with tests/evidence
2279,data,Open,Validate and implement with tests/evidence
2280,devops,Open,Validate and implement with tests/evidence
2281,backend,Open,Validate and implement with tests/evidence
2282,frontend,Open,Validate and implement with tests/evidence
2283,voice_scan,Open,Validate and implement with tests/evidence
2284,prediction,Open,Validate and implement with tests/evidence
2285,medicine,Open,Validate and implement with tests/evidence
2286,rag,Open,Validate and implement with tests/evidence
2287,safety,Open,Validate and implement with tests/evidence
2288,security,Open,Validate and implement with tests/evidence
2289,data,Open,Validate and implement with tests/evidence
2290,devops,Open,Validate and implement with tests/evidence
2291,backend,Open,Validate and implement with tests/evidence
2292,frontend,Open,Validate and implement with tests/evidence
2293,voice_scan,Open,Validate and implement with tests/evidence
2294,prediction,Open,Validate and implement with tests/evidence
2295,medicine,Open,Validate and implement with tests/evidence
2296,rag,Open,Validate and implement with tests/evidence
2297,safety,Open,Validate and implement with tests/evidence
2298,security,Open,Validate and implement with tests/evidence
2299,data,Open,Validate and implement with tests/evidence
2300,devops,Open,Validate and implement with tests/evidence
2301,backend,Open,Validate and implement with tests/evidence
2302,frontend,Open,Validate and implement with tests/evidence
2303,voice_scan,Open,Validate and implement with tests/evidence
2304,prediction,Open,Validate and implement with tests/evidence
2305,medicine,Open,Validate and implement with tests/evidence
2306,rag,Open,Validate and implement with tests/evidence
2307,safety,Open,Validate and implement with tests/evidence
2308,security,Open,Validate and implement with tests/evidence
2309,data,Open,Validate and implement with tests/evidence
2310,devops,Open,Validate and implement with tests/evidence
2311,backend,Open,Validate and implement with tests/evidence
2312,frontend,Open,Validate and implement with tests/evidence
2313,voice_scan,Open,Validate and implement with tests/evidence
2314,prediction,Open,Validate and implement with tests/evidence
2315,medicine,Open,Validate and implement with tests/evidence
2316,rag,Open,Validate and implement with tests/evidence
2317,safety,Open,Validate and implement with tests/evidence
2318,security,Open,Validate and implement with tests/evidence
2319,data,Open,Validate and implement with tests/evidence
2320,devops,Open,Validate and implement with tests/evidence
2321,backend,Open,Validate and implement with tests/evidence
2322,frontend,Open,Validate and implement with tests/evidence
2323,voice_scan,Open,Validate and implement with tests/evidence
2324,prediction,Open,Validate and implement with tests/evidence
2325,medicine,Open,Validate and implement with tests/evidence
2326,rag,Open,Validate and implement with tests/evidence
2327,safety,Open,Validate and implement with tests/evidence
2328,security,Open,Validate and implement with tests/evidence
2329,data,Open,Validate and implement with tests/evidence
2330,devops,Open,Validate and implement with tests/evidence
2331,backend,Open,Validate and implement with tests/evidence
2332,frontend,Open,Validate and implement with tests/evidence
2333,voice_scan,Open,Validate and implement with tests/evidence
2334,prediction,Open,Validate and implement with tests/evidence
2335,medicine,Open,Validate and implement with tests/evidence
2336,rag,Open,Validate and implement with tests/evidence
2337,safety,Open,Validate and implement with tests/evidence
2338,security,Open,Validate and implement with tests/evidence
2339,data,Open,Validate and implement with tests/evidence
2340,devops,Open,Validate and implement with tests/evidence
2341,backend,Open,Validate and implement with tests/evidence
2342,frontend,Open,Validate and implement with tests/evidence
2343,voice_scan,Open,Validate and implement with tests/evidence
2344,prediction,Open,Validate and implement with tests/evidence
2345,medicine,Open,Validate and implement with tests/evidence
2346,rag,Open,Validate and implement with tests/evidence
2347,safety,Open,Validate and implement with tests/evidence
2348,security,Open,Validate and implement with tests/evidence
2349,data,Open,Validate and implement with tests/evidence
2350,devops,Open,Validate and implement with tests/evidence
2351,backend,Open,Validate and implement with tests/evidence
2352,frontend,Open,Validate and implement with tests/evidence
2353,voice_scan,Open,Validate and implement with tests/evidence
2354,prediction,Open,Validate and implement with tests/evidence
2355,medicine,Open,Validate and implement with tests/evidence
2356,rag,Open,Validate and implement with tests/evidence
2357,safety,Open,Validate and implement with tests/evidence
2358,security,Open,Validate and implement with tests/evidence
2359,data,Open,Validate and implement with tests/evidence
2360,devops,Open,Validate and implement with tests/evidence
2361,backend,Open,Validate and implement with tests/evidence
2362,frontend,Open,Validate and implement with tests/evidence
2363,voice_scan,Open,Validate and implement with tests/evidence
2364,prediction,Open,Validate and implement with tests/evidence
2365,medicine,Open,Validate and implement with tests/evidence
2366,rag,Open,Validate and implement with tests/evidence
2367,safety,Open,Validate and implement with tests/evidence
2368,security,Open,Validate and implement with tests/evidence
2369,data,Open,Validate and implement with tests/evidence
2370,devops,Open,Validate and implement with tests/evidence
2371,backend,Open,Validate and implement with tests/evidence
2372,frontend,Open,Validate and implement with tests/evidence
2373,voice_scan,Open,Validate and implement with tests/evidence
2374,prediction,Open,Validate and implement with tests/evidence
2375,medicine,Open,Validate and implement with tests/evidence
2376,rag,Open,Validate and implement with tests/evidence
2377,safety,Open,Validate and implement with tests/evidence
2378,security,Open,Validate and implement with tests/evidence
2379,data,Open,Validate and implement with tests/evidence
2380,devops,Open,Validate and implement with tests/evidence
2381,backend,Open,Validate and implement with tests/evidence
2382,frontend,Open,Validate and implement with tests/evidence
2383,voice_scan,Open,Validate and implement with tests/evidence
2384,prediction,Open,Validate and implement with tests/evidence
2385,medicine,Open,Validate and implement with tests/evidence
2386,rag,Open,Validate and implement with tests/evidence
2387,safety,Open,Validate and implement with tests/evidence
2388,security,Open,Validate and implement with tests/evidence
2389,data,Open,Validate and implement with tests/evidence
2390,devops,Open,Validate and implement with tests/evidence
2391,backend,Open,Validate and implement with tests/evidence
2392,frontend,Open,Validate and implement with tests/evidence
2393,voice_scan,Open,Validate and implement with tests/evidence
2394,prediction,Open,Validate and implement with tests/evidence
2395,medicine,Open,Validate and implement with tests/evidence
2396,rag,Open,Validate and implement with tests/evidence
2397,safety,Open,Validate and implement with tests/evidence
2398,security,Open,Validate and implement with tests/evidence
2399,data,Open,Validate and implement with tests/evidence
2400,devops,Open,Validate and implement with tests/evidence
2401,backend,Open,Validate and implement with tests/evidence
2402,frontend,Open,Validate and implement with tests/evidence
2403,voice_scan,Open,Validate and implement with tests/evidence
2404,prediction,Open,Validate and implement with tests/evidence
2405,medicine,Open,Validate and implement with tests/evidence
2406,rag,Open,Validate and implement with tests/evidence
2407,safety,Open,Validate and implement with tests/evidence
2408,security,Open,Validate and implement with tests/evidence
2409,data,Open,Validate and implement with tests/evidence
2410,devops,Open,Validate and implement with tests/evidence
2411,backend,Open,Validate and implement with tests/evidence
2412,frontend,Open,Validate and implement with tests/evidence
2413,voice_scan,Open,Validate and implement with tests/evidence
2414,prediction,Open,Validate and implement with tests/evidence
2415,medicine,Open,Validate and implement with tests/evidence
2416,rag,Open,Validate and implement with tests/evidence
2417,safety,Open,Validate and implement with tests/evidence
2418,security,Open,Validate and implement with tests/evidence
2419,data,Open,Validate and implement with tests/evidence
2420,devops,Open,Validate and implement with tests/evidence
2421,backend,Open,Validate and implement with tests/evidence
2422,frontend,Open,Validate and implement with tests/evidence
2423,voice_scan,Open,Validate and implement with tests/evidence
2424,prediction,Open,Validate and implement with tests/evidence
2425,medicine,Open,Validate and implement with tests/evidence
2426,rag,Open,Validate and implement with tests/evidence
2427,safety,Open,Validate and implement with tests/evidence
2428,security,Open,Validate and implement with tests/evidence
2429,data,Open,Validate and implement with tests/evidence
2430,devops,Open,Validate and implement with tests/evidence
2431,backend,Open,Validate and implement with tests/evidence
2432,frontend,Open,Validate and implement with tests/evidence
2433,voice_scan,Open,Validate and implement with tests/evidence
2434,prediction,Open,Validate and implement with tests/evidence
2435,medicine,Open,Validate and implement with tests/evidence
2436,rag,Open,Validate and implement with tests/evidence
2437,safety,Open,Validate and implement with tests/evidence
2438,security,Open,Validate and implement with tests/evidence
2439,data,Open,Validate and implement with tests/evidence
2440,devops,Open,Validate and implement with tests/evidence
2441,backend,Open,Validate and implement with tests/evidence
2442,frontend,Open,Validate and implement with tests/evidence
2443,voice_scan,Open,Validate and implement with tests/evidence
2444,prediction,Open,Validate and implement with tests/evidence
2445,medicine,Open,Validate and implement with tests/evidence
2446,rag,Open,Validate and implement with tests/evidence
2447,safety,Open,Validate and implement with tests/evidence
2448,security,Open,Validate and implement with tests/evidence
2449,data,Open,Validate and implement with tests/evidence
2450,devops,Open,Validate and implement with tests/evidence
2451,backend,Open,Validate and implement with tests/evidence
2452,frontend,Open,Validate and implement with tests/evidence
2453,voice_scan,Open,Validate and implement with tests/evidence
2454,prediction,Open,Validate and implement with tests/evidence
2455,medicine,Open,Validate and implement with tests/evidence
2456,rag,Open,Validate and implement with tests/evidence
2457,safety,Open,Validate and implement with tests/evidence
2458,security,Open,Validate and implement with tests/evidence
2459,data,Open,Validate and implement with tests/evidence
2460,devops,Open,Validate and implement with tests/evidence
2461,backend,Open,Validate and implement with tests/evidence
2462,frontend,Open,Validate and implement with tests/evidence
2463,voice_scan,Open,Validate and implement with tests/evidence
2464,prediction,Open,Validate and implement with tests/evidence
2465,medicine,Open,Validate and implement with tests/evidence
2466,rag,Open,Validate and implement with tests/evidence
2467,safety,Open,Validate and implement with tests/evidence
2468,security,Open,Validate and implement with tests/evidence
2469,data,Open,Validate and implement with tests/evidence
2470,devops,Open,Validate and implement with tests/evidence
2471,backend,Open,Validate and implement with tests/evidence
2472,frontend,Open,Validate and implement with tests/evidence
2473,voice_scan,Open,Validate and implement with tests/evidence
2474,prediction,Open,Validate and implement with tests/evidence
2475,medicine,Open,Validate and implement with tests/evidence
2476,rag,Open,Validate and implement with tests/evidence
2477,safety,Open,Validate and implement with tests/evidence
2478,security,Open,Validate and implement with tests/evidence
2479,data,Open,Validate and implement with tests/evidence
2480,devops,Open,Validate and implement with tests/evidence
2481,backend,Open,Validate and implement with tests/evidence
2482,frontend,Open,Validate and implement with tests/evidence
2483,voice_scan,Open,Validate and implement with tests/evidence
2484,prediction,Open,Validate and implement with tests/evidence
2485,medicine,Open,Validate and implement with tests/evidence
2486,rag,Open,Validate and implement with tests/evidence
2487,safety,Open,Validate and implement with tests/evidence
2488,security,Open,Validate and implement with tests/evidence
2489,data,Open,Validate and implement with tests/evidence
2490,devops,Open,Validate and implement with tests/evidence
2491,backend,Open,Validate and implement with tests/evidence
2492,frontend,Open,Validate and implement with tests/evidence
2493,voice_scan,Open,Validate and implement with tests/evidence
2494,prediction,Open,Validate and implement with tests/evidence
2495,medicine,Open,Validate and implement with tests/evidence
2496,rag,Open,Validate and implement with tests/evidence
2497,safety,Open,Validate and implement with tests/evidence
2498,security,Open,Validate and implement with tests/evidence
2499,data,Open,Validate and implement with tests/evidence
2500,devops,Open,Validate and implement with tests/evidence
2501,backend,Open,Validate and implement with tests/evidence
2502,frontend,Open,Validate and implement with tests/evidence
2503,voice_scan,Open,Validate and implement with tests/evidence
2504,prediction,Open,Validate and implement with tests/evidence
2505,medicine,Open,Validate and implement with tests/evidence
2506,rag,Open,Validate and implement with tests/evidence
2507,safety,Open,Validate and implement with tests/evidence
2508,security,Open,Validate and implement with tests/evidence
2509,data,Open,Validate and implement with tests/evidence
2510,devops,Open,Validate and implement with tests/evidence
2511,backend,Open,Validate and implement with tests/evidence
2512,frontend,Open,Validate and implement with tests/evidence
2513,voice_scan,Open,Validate and implement with tests/evidence
2514,prediction,Open,Validate and implement with tests/evidence
2515,medicine,Open,Validate and implement with tests/evidence
2516,rag,Open,Validate and implement with tests/evidence
2517,safety,Open,Validate and implement with tests/evidence
2518,security,Open,Validate and implement with tests/evidence
2519,data,Open,Validate and implement with tests/evidence
2520,devops,Open,Validate and implement with tests/evidence
2521,backend,Open,Validate and implement with tests/evidence
2522,frontend,Open,Validate and implement with tests/evidence
2523,voice_scan,Open,Validate and implement with tests/evidence
2524,prediction,Open,Validate and implement with tests/evidence
2525,medicine,Open,Validate and implement with tests/evidence
2526,rag,Open,Validate and implement with tests/evidence
2527,safety,Open,Validate and implement with tests/evidence
2528,security,Open,Validate and implement with tests/evidence
2529,data,Open,Validate and implement with tests/evidence
2530,devops,Open,Validate and implement with tests/evidence
2531,backend,Open,Validate and implement with tests/evidence
2532,frontend,Open,Validate and implement with tests/evidence
2533,voice_scan,Open,Validate and implement with tests/evidence
2534,prediction,Open,Validate and implement with tests/evidence
2535,medicine,Open,Validate and implement with tests/evidence
2536,rag,Open,Validate and implement with tests/evidence
2537,safety,Open,Validate and implement with tests/evidence
2538,security,Open,Validate and implement with tests/evidence
2539,data,Open,Validate and implement with tests/evidence
2540,devops,Open,Validate and implement with tests/evidence
2541,backend,Open,Validate and implement with tests/evidence
2542,frontend,Open,Validate and implement with tests/evidence
2543,voice_scan,Open,Validate and implement with tests/evidence
2544,prediction,Open,Validate and implement with tests/evidence
2545,medicine,Open,Validate and implement with tests/evidence
2546,rag,Open,Validate and implement with tests/evidence
2547,safety,Open,Validate and implement with tests/evidence
2548,security,Open,Validate and implement with tests/evidence
2549,data,Open,Validate and implement with tests/evidence
2550,devops,Open,Validate and implement with tests/evidence
2551,backend,Open,Validate and implement with tests/evidence
2552,frontend,Open,Validate and implement with tests/evidence
2553,voice_scan,Open,Validate and implement with tests/evidence
2554,prediction,Open,Validate and implement with tests/evidence
2555,medicine,Open,Validate and implement with tests/evidence
2556,rag,Open,Validate and implement with tests/evidence
2557,safety,Open,Validate and implement with tests/evidence
2558,security,Open,Validate and implement with tests/evidence
2559,data,Open,Validate and implement with tests/evidence
2560,devops,Open,Validate and implement with tests/evidence
2561,backend,Open,Validate and implement with tests/evidence
2562,frontend,Open,Validate and implement with tests/evidence
2563,voice_scan,Open,Validate and implement with tests/evidence
2564,prediction,Open,Validate and implement with tests/evidence
2565,medicine,Open,Validate and implement with tests/evidence
2566,rag,Open,Validate and implement with tests/evidence
2567,safety,Open,Validate and implement with tests/evidence
2568,security,Open,Validate and implement with tests/evidence
2569,data,Open,Validate and implement with tests/evidence
2570,devops,Open,Validate and implement with tests/evidence
2571,backend,Open,Validate and implement with tests/evidence
2572,frontend,Open,Validate and implement with tests/evidence
2573,voice_scan,Open,Validate and implement with tests/evidence
2574,prediction,Open,Validate and implement with tests/evidence
2575,medicine,Open,Validate and implement with tests/evidence
2576,rag,Open,Validate and implement with tests/evidence
2577,safety,Open,Validate and implement with tests/evidence
2578,security,Open,Validate and implement with tests/evidence
2579,data,Open,Validate and implement with tests/evidence
2580,devops,Open,Validate and implement with tests/evidence
2581,backend,Open,Validate and implement with tests/evidence
2582,frontend,Open,Validate and implement with tests/evidence
2583,voice_scan,Open,Validate and implement with tests/evidence
2584,prediction,Open,Validate and implement with tests/evidence
2585,medicine,Open,Validate and implement with tests/evidence
2586,rag,Open,Validate and implement with tests/evidence
2587,safety,Open,Validate and implement with tests/evidence
2588,security,Open,Validate and implement with tests/evidence
2589,data,Open,Validate and implement with tests/evidence
2590,devops,Open,Validate and implement with tests/evidence
2591,backend,Open,Validate and implement with tests/evidence
2592,frontend,Open,Validate and implement with tests/evidence
2593,voice_scan,Open,Validate and implement with tests/evidence
2594,prediction,Open,Validate and implement with tests/evidence
2595,medicine,Open,Validate and implement with tests/evidence
2596,rag,Open,Validate and implement with tests/evidence
2597,safety,Open,Validate and implement with tests/evidence
2598,security,Open,Validate and implement with tests/evidence
2599,data,Open,Validate and implement with tests/evidence
2600,devops,Open,Validate and implement with tests/evidence
2601,backend,Open,Validate and implement with tests/evidence
2602,frontend,Open,Validate and implement with tests/evidence
2603,voice_scan,Open,Validate and implement with tests/evidence
2604,prediction,Open,Validate and implement with tests/evidence
2605,medicine,Open,Validate and implement with tests/evidence
2606,rag,Open,Validate and implement with tests/evidence
2607,safety,Open,Validate and implement with tests/evidence
2608,security,Open,Validate and implement with tests/evidence
2609,data,Open,Validate and implement with tests/evidence
2610,devops,Open,Validate and implement with tests/evidence
2611,backend,Open,Validate and implement with tests/evidence
2612,frontend,Open,Validate and implement with tests/evidence
2613,voice_scan,Open,Validate and implement with tests/evidence
2614,prediction,Open,Validate and implement with tests/evidence
2615,medicine,Open,Validate and implement with tests/evidence
2616,rag,Open,Validate and implement with tests/evidence
2617,safety,Open,Validate and implement with tests/evidence
2618,security,Open,Validate and implement with tests/evidence
2619,data,Open,Validate and implement with tests/evidence
2620,devops,Open,Validate and implement with tests/evidence
2621,backend,Open,Validate and implement with tests/evidence
2622,frontend,Open,Validate and implement with tests/evidence
2623,voice_scan,Open,Validate and implement with tests/evidence
2624,prediction,Open,Validate and implement with tests/evidence
2625,medicine,Open,Validate and implement with tests/evidence
2626,rag,Open,Validate and implement with tests/evidence
2627,safety,Open,Validate and implement with tests/evidence
2628,security,Open,Validate and implement with tests/evidence
2629,data,Open,Validate and implement with tests/evidence
2630,devops,Open,Validate and implement with tests/evidence
2631,backend,Open,Validate and implement with tests/evidence
2632,frontend,Open,Validate and implement with tests/evidence
2633,voice_scan,Open,Validate and implement with tests/evidence
2634,prediction,Open,Validate and implement with tests/evidence
2635,medicine,Open,Validate and implement with tests/evidence
2636,rag,Open,Validate and implement with tests/evidence
2637,safety,Open,Validate and implement with tests/evidence
2638,security,Open,Validate and implement with tests/evidence
2639,data,Open,Validate and implement with tests/evidence
2640,devops,Open,Validate and implement with tests/evidence
2641,backend,Open,Validate and implement with tests/evidence
2642,frontend,Open,Validate and implement with tests/evidence
2643,voice_scan,Open,Validate and implement with tests/evidence
2644,prediction,Open,Validate and implement with tests/evidence
2645,medicine,Open,Validate and implement with tests/evidence
2646,rag,Open,Validate and implement with tests/evidence
2647,safety,Open,Validate and implement with tests/evidence
2648,security,Open,Validate and implement with tests/evidence
2649,data,Open,Validate and implement with tests/evidence
2650,devops,Open,Validate and implement with tests/evidence
2651,backend,Open,Validate and implement with tests/evidence
2652,frontend,Open,Validate and implement with tests/evidence
2653,voice_scan,Open,Validate and implement with tests/evidence
2654,prediction,Open,Validate and implement with tests/evidence
2655,medicine,Open,Validate and implement with tests/evidence
2656,rag,Open,Validate and implement with tests/evidence
2657,safety,Open,Validate and implement with tests/evidence
2658,security,Open,Validate and implement with tests/evidence
2659,data,Open,Validate and implement with tests/evidence
2660,devops,Open,Validate and implement with tests/evidence
2661,backend,Open,Validate and implement with tests/evidence
2662,frontend,Open,Validate and implement with tests/evidence
2663,voice_scan,Open,Validate and implement with tests/evidence
2664,prediction,Open,Validate and implement with tests/evidence
2665,medicine,Open,Validate and implement with tests/evidence
2666,rag,Open,Validate and implement with tests/evidence
2667,safety,Open,Validate and implement with tests/evidence
2668,security,Open,Validate and implement with tests/evidence
2669,data,Open,Validate and implement with tests/evidence
2670,devops,Open,Validate and implement with tests/evidence
2671,backend,Open,Validate and implement with tests/evidence
2672,frontend,Open,Validate and implement with tests/evidence
2673,voice_scan,Open,Validate and implement with tests/evidence
2674,prediction,Open,Validate and implement with tests/evidence
2675,medicine,Open,Validate and implement with tests/evidence
2676,rag,Open,Validate and implement with tests/evidence
2677,safety,Open,Validate and implement with tests/evidence
2678,security,Open,Validate and implement with tests/evidence
2679,data,Open,Validate and implement with tests/evidence
2680,devops,Open,Validate and implement with tests/evidence
2681,backend,Open,Validate and implement with tests/evidence
2682,frontend,Open,Validate and implement with tests/evidence
2683,voice_scan,Open,Validate and implement with tests/evidence
2684,prediction,Open,Validate and implement with tests/evidence
2685,medicine,Open,Validate and implement with tests/evidence
2686,rag,Open,Validate and implement with tests/evidence
2687,safety,Open,Validate and implement with tests/evidence
2688,security,Open,Validate and implement with tests/evidence
2689,data,Open,Validate and implement with tests/evidence
2690,devops,Open,Validate and implement with tests/evidence
2691,backend,Open,Validate and implement with tests/evidence
2692,frontend,Open,Validate and implement with tests/evidence
2693,voice_scan,Open,Validate and implement with tests/evidence
2694,prediction,Open,Validate and implement with tests/evidence
2695,medicine,Open,Validate and implement with tests/evidence
2696,rag,Open,Validate and implement with tests/evidence
2697,safety,Open,Validate and implement with tests/evidence
2698,security,Open,Validate and implement with tests/evidence
2699,data,Open,Validate and implement with tests/evidence
2700,devops,Open,Validate and implement with tests/evidence
2701,backend,Open,Validate and implement with tests/evidence
2702,frontend,Open,Validate and implement with tests/evidence
2703,voice_scan,Open,Validate and implement with tests/evidence
2704,prediction,Open,Validate and implement with tests/evidence
2705,medicine,Open,Validate and implement with tests/evidence
2706,rag,Open,Validate and implement with tests/evidence
2707,safety,Open,Validate and implement with tests/evidence
2708,security,Open,Validate and implement with tests/evidence
2709,data,Open,Validate and implement with tests/evidence
2710,devops,Open,Validate and implement with tests/evidence
2711,backend,Open,Validate and implement with tests/evidence
2712,frontend,Open,Validate and implement with tests/evidence
2713,voice_scan,Open,Validate and implement with tests/evidence
2714,prediction,Open,Validate and implement with tests/evidence
2715,medicine,Open,Validate and implement with tests/evidence
2716,rag,Open,Validate and implement with tests/evidence
2717,safety,Open,Validate and implement with tests/evidence
2718,security,Open,Validate and implement with tests/evidence
2719,data,Open,Validate and implement with tests/evidence
2720,devops,Open,Validate and implement with tests/evidence
2721,backend,Open,Validate and implement with tests/evidence
2722,frontend,Open,Validate and implement with tests/evidence
2723,voice_scan,Open,Validate and implement with tests/evidence
2724,prediction,Open,Validate and implement with tests/evidence
2725,medicine,Open,Validate and implement with tests/evidence
2726,rag,Open,Validate and implement with tests/evidence
2727,safety,Open,Validate and implement with tests/evidence
2728,security,Open,Validate and implement with tests/evidence
2729,data,Open,Validate and implement with tests/evidence
2730,devops,Open,Validate and implement with tests/evidence
2731,backend,Open,Validate and implement with tests/evidence
2732,frontend,Open,Validate and implement with tests/evidence
2733,voice_scan,Open,Validate and implement with tests/evidence
2734,prediction,Open,Validate and implement with tests/evidence
2735,medicine,Open,Validate and implement with tests/evidence
2736,rag,Open,Validate and implement with tests/evidence
2737,safety,Open,Validate and implement with tests/evidence
2738,security,Open,Validate and implement with tests/evidence
2739,data,Open,Validate and implement with tests/evidence
2740,devops,Open,Validate and implement with tests/evidence
2741,backend,Open,Validate and implement with tests/evidence
2742,frontend,Open,Validate and implement with tests/evidence
2743,voice_scan,Open,Validate and implement with tests/evidence
2744,prediction,Open,Validate and implement with tests/evidence
2745,medicine,Open,Validate and implement with tests/evidence
2746,rag,Open,Validate and implement with tests/evidence
2747,safety,Open,Validate and implement with tests/evidence
2748,security,Open,Validate and implement with tests/evidence
2749,data,Open,Validate and implement with tests/evidence
2750,devops,Open,Validate and implement with tests/evidence
2751,backend,Open,Validate and implement with tests/evidence
2752,frontend,Open,Validate and implement with tests/evidence
2753,voice_scan,Open,Validate and implement with tests/evidence
2754,prediction,Open,Validate and implement with tests/evidence
2755,medicine,Open,Validate and implement with tests/evidence
2756,rag,Open,Validate and implement with tests/evidence
2757,safety,Open,Validate and implement with tests/evidence
2758,security,Open,Validate and implement with tests/evidence
2759,data,Open,Validate and implement with tests/evidence
2760,devops,Open,Validate and implement with tests/evidence
2761,backend,Open,Validate and implement with tests/evidence
2762,frontend,Open,Validate and implement with tests/evidence
2763,voice_scan,Open,Validate and implement with tests/evidence
2764,prediction,Open,Validate and implement with tests/evidence
2765,medicine,Open,Validate and implement with tests/evidence
2766,rag,Open,Validate and implement with tests/evidence
2767,safety,Open,Validate and implement with tests/evidence
2768,security,Open,Validate and implement with tests/evidence
2769,data,Open,Validate and implement with tests/evidence
2770,devops,Open,Validate and implement with tests/evidence
2771,backend,Open,Validate and implement with tests/evidence
2772,frontend,Open,Validate and implement with tests/evidence
2773,voice_scan,Open,Validate and implement with tests/evidence
2774,prediction,Open,Validate and implement with tests/evidence
2775,medicine,Open,Validate and implement with tests/evidence
2776,rag,Open,Validate and implement with tests/evidence
2777,safety,Open,Validate and implement with tests/evidence
2778,security,Open,Validate and implement with tests/evidence
2779,data,Open,Validate and implement with tests/evidence
2780,devops,Open,Validate and implement with tests/evidence
2781,backend,Open,Validate and implement with tests/evidence
2782,frontend,Open,Validate and implement with tests/evidence
2783,voice_scan,Open,Validate and implement with tests/evidence
2784,prediction,Open,Validate and implement with tests/evidence
2785,medicine,Open,Validate and implement with tests/evidence
2786,rag,Open,Validate and implement with tests/evidence
2787,safety,Open,Validate and implement with tests/evidence
2788,security,Open,Validate and implement with tests/evidence
2789,data,Open,Validate and implement with tests/evidence
2790,devops,Open,Validate and implement with tests/evidence
2791,backend,Open,Validate and implement with tests/evidence
2792,frontend,Open,Validate and implement with tests/evidence
2793,voice_scan,Open,Validate and implement with tests/evidence
2794,prediction,Open,Validate and implement with tests/evidence
2795,medicine,Open,Validate and implement with tests/evidence
2796,rag,Open,Validate and implement with tests/evidence
2797,safety,Open,Validate and implement with tests/evidence
2798,security,Open,Validate and implement with tests/evidence
2799,data,Open,Validate and implement with tests/evidence
2800,devops,Open,Validate and implement with tests/evidence
2801,backend,Open,Validate and implement with tests/evidence
2802,frontend,Open,Validate and implement with tests/evidence
2803,voice_scan,Open,Validate and implement with tests/evidence
2804,prediction,Open,Validate and implement with tests/evidence
2805,medicine,Open,Validate and implement with tests/evidence
2806,rag,Open,Validate and implement with tests/evidence
2807,safety,Open,Validate and implement with tests/evidence
2808,security,Open,Validate and implement with tests/evidence
2809,data,Open,Validate and implement with tests/evidence
2810,devops,Open,Validate and implement with tests/evidence
2811,backend,Open,Validate and implement with tests/evidence
2812,frontend,Open,Validate and implement with tests/evidence
2813,voice_scan,Open,Validate and implement with tests/evidence
2814,prediction,Open,Validate and implement with tests/evidence
2815,medicine,Open,Validate and implement with tests/evidence
2816,rag,Open,Validate and implement with tests/evidence
2817,safety,Open,Validate and implement with tests/evidence
2818,security,Open,Validate and implement with tests/evidence
2819,data,Open,Validate and implement with tests/evidence
2820,devops,Open,Validate and implement with tests/evidence
2821,backend,Open,Validate and implement with tests/evidence
2822,frontend,Open,Validate and implement with tests/evidence
2823,voice_scan,Open,Validate and implement with tests/evidence
2824,prediction,Open,Validate and implement with tests/evidence
2825,medicine,Open,Validate and implement with tests/evidence
2826,rag,Open,Validate and implement with tests/evidence
2827,safety,Open,Validate and implement with tests/evidence
2828,security,Open,Validate and implement with tests/evidence
2829,data,Open,Validate and implement with tests/evidence
2830,devops,Open,Validate and implement with tests/evidence
2831,backend,Open,Validate and implement with tests/evidence
2832,frontend,Open,Validate and implement with tests/evidence
2833,voice_scan,Open,Validate and implement with tests/evidence
2834,prediction,Open,Validate and implement with tests/evidence
2835,medicine,Open,Validate and implement with tests/evidence
2836,rag,Open,Validate and implement with tests/evidence
2837,safety,Open,Validate and implement with tests/evidence
2838,security,Open,Validate and implement with tests/evidence
2839,data,Open,Validate and implement with tests/evidence
2840,devops,Open,Validate and implement with tests/evidence
2841,backend,Open,Validate and implement with tests/evidence
2842,frontend,Open,Validate and implement with tests/evidence
2843,voice_scan,Open,Validate and implement with tests/evidence
2844,prediction,Open,Validate and implement with tests/evidence
2845,medicine,Open,Validate and implement with tests/evidence
2846,rag,Open,Validate and implement with tests/evidence
2847,safety,Open,Validate and implement with tests/evidence
2848,security,Open,Validate and implement with tests/evidence
2849,data,Open,Validate and implement with tests/evidence
2850,devops,Open,Validate and implement with tests/evidence
2851,backend,Open,Validate and implement with tests/evidence
2852,frontend,Open,Validate and implement with tests/evidence
2853,voice_scan,Open,Validate and implement with tests/evidence
2854,prediction,Open,Validate and implement with tests/evidence
2855,medicine,Open,Validate and implement with tests/evidence
2856,rag,Open,Validate and implement with tests/evidence
2857,safety,Open,Validate and implement with tests/evidence
2858,security,Open,Validate and implement with tests/evidence
2859,data,Open,Validate and implement with tests/evidence
2860,devops,Open,Validate and implement with tests/evidence
2861,backend,Open,Validate and implement with tests/evidence
2862,frontend,Open,Validate and implement with tests/evidence
2863,voice_scan,Open,Validate and implement with tests/evidence
2864,prediction,Open,Validate and implement with tests/evidence
2865,medicine,Open,Validate and implement with tests/evidence
2866,rag,Open,Validate and implement with tests/evidence
2867,safety,Open,Validate and implement with tests/evidence
2868,security,Open,Validate and implement with tests/evidence
2869,data,Open,Validate and implement with tests/evidence
2870,devops,Open,Validate and implement with tests/evidence
2871,backend,Open,Validate and implement with tests/evidence
2872,frontend,Open,Validate and implement with tests/evidence
2873,voice_scan,Open,Validate and implement with tests/evidence
2874,prediction,Open,Validate and implement with tests/evidence
2875,medicine,Open,Validate and implement with tests/evidence
2876,rag,Open,Validate and implement with tests/evidence
2877,safety,Open,Validate and implement with tests/evidence
2878,security,Open,Validate and implement with tests/evidence
2879,data,Open,Validate and implement with tests/evidence
2880,devops,Open,Validate and implement with tests/evidence
2881,backend,Open,Validate and implement with tests/evidence
2882,frontend,Open,Validate and implement with tests/evidence
2883,voice_scan,Open,Validate and implement with tests/evidence
2884,prediction,Open,Validate and implement with tests/evidence
2885,medicine,Open,Validate and implement with tests/evidence
2886,rag,Open,Validate and implement with tests/evidence
2887,safety,Open,Validate and implement with tests/evidence
2888,security,Open,Validate and implement with tests/evidence
2889,data,Open,Validate and implement with tests/evidence
2890,devops,Open,Validate and implement with tests/evidence
2891,backend,Open,Validate and implement with tests/evidence
2892,frontend,Open,Validate and implement with tests/evidence
2893,voice_scan,Open,Validate and implement with tests/evidence
2894,prediction,Open,Validate and implement with tests/evidence
2895,medicine,Open,Validate and implement with tests/evidence
2896,rag,Open,Validate and implement with tests/evidence
2897,safety,Open,Validate and implement with tests/evidence
2898,security,Open,Validate and implement with tests/evidence
2899,data,Open,Validate and implement with tests/evidence
2900,devops,Open,Validate and implement with tests/evidence
2901,backend,Open,Validate and implement with tests/evidence
2902,frontend,Open,Validate and implement with tests/evidence
2903,voice_scan,Open,Validate and implement with tests/evidence
2904,prediction,Open,Validate and implement with tests/evidence
2905,medicine,Open,Validate and implement with tests/evidence
2906,rag,Open,Validate and implement with tests/evidence
2907,safety,Open,Validate and implement with tests/evidence
2908,security,Open,Validate and implement with tests/evidence
2909,data,Open,Validate and implement with tests/evidence
2910,devops,Open,Validate and implement with tests/evidence
2911,backend,Open,Validate and implement with tests/evidence
2912,frontend,Open,Validate and implement with tests/evidence
2913,voice_scan,Open,Validate and implement with tests/evidence
2914,prediction,Open,Validate and implement with tests/evidence
2915,medicine,Open,Validate and implement with tests/evidence
2916,rag,Open,Validate and implement with tests/evidence
2917,safety,Open,Validate and implement with tests/evidence
2918,security,Open,Validate and implement with tests/evidence
2919,data,Open,Validate and implement with tests/evidence
2920,devops,Open,Validate and implement with tests/evidence
2921,backend,Open,Validate and implement with tests/evidence
2922,frontend,Open,Validate and implement with tests/evidence
2923,voice_scan,Open,Validate and implement with tests/evidence
2924,prediction,Open,Validate and implement with tests/evidence
2925,medicine,Open,Validate and implement with tests/evidence
2926,rag,Open,Validate and implement with tests/evidence
2927,safety,Open,Validate and implement with tests/evidence
2928,security,Open,Validate and implement with tests/evidence
2929,data,Open,Validate and implement with tests/evidence
2930,devops,Open,Validate and implement with tests/evidence
2931,backend,Open,Validate and implement with tests/evidence
2932,frontend,Open,Validate and implement with tests/evidence
2933,voice_scan,Open,Validate and implement with tests/evidence
2934,prediction,Open,Validate and implement with tests/evidence
2935,medicine,Open,Validate and implement with tests/evidence
2936,rag,Open,Validate and implement with tests/evidence
2937,safety,Open,Validate and implement with tests/evidence
2938,security,Open,Validate and implement with tests/evidence
2939,data,Open,Validate and implement with tests/evidence
2940,devops,Open,Validate and implement with tests/evidence
2941,backend,Open,Validate and implement with tests/evidence
2942,frontend,Open,Validate and implement with tests/evidence
2943,voice_scan,Open,Validate and implement with tests/evidence
2944,prediction,Open,Validate and implement with tests/evidence
2945,medicine,Open,Validate and implement with tests/evidence
2946,rag,Open,Validate and implement with tests/evidence
2947,safety,Open,Validate and implement with tests/evidence
2948,security,Open,Validate and implement with tests/evidence
2949,data,Open,Validate and implement with tests/evidence
2950,devops,Open,Validate and implement with tests/evidence
2951,backend,Open,Validate and implement with tests/evidence
2952,frontend,Open,Validate and implement with tests/evidence
2953,voice_scan,Open,Validate and implement with tests/evidence
2954,prediction,Open,Validate and implement with tests/evidence
2955,medicine,Open,Validate and implement with tests/evidence
2956,rag,Open,Validate and implement with tests/evidence
2957,safety,Open,Validate and implement with tests/evidence
2958,security,Open,Validate and implement with tests/evidence
2959,data,Open,Validate and implement with tests/evidence
2960,devops,Open,Validate and implement with tests/evidence
2961,backend,Open,Validate and implement with tests/evidence
2962,frontend,Open,Validate and implement with tests/evidence
2963,voice_scan,Open,Validate and implement with tests/evidence
2964,prediction,Open,Validate and implement with tests/evidence
2965,medicine,Open,Validate and implement with tests/evidence
2966,rag,Open,Validate and implement with tests/evidence
2967,safety,Open,Validate and implement with tests/evidence
2968,security,Open,Validate and implement with tests/evidence
2969,data,Open,Validate and implement with tests/evidence
2970,devops,Open,Validate and implement with tests/evidence
2971,backend,Open,Validate and implement with tests/evidence
2972,frontend,Open,Validate and implement with tests/evidence
2973,voice_scan,Open,Validate and implement with tests/evidence
2974,prediction,Open,Validate and implement with tests/evidence
2975,medicine,Open,Validate and implement with tests/evidence
2976,rag,Open,Validate and implement with tests/evidence
2977,safety,Open,Validate and implement with tests/evidence
2978,security,Open,Validate and implement with tests/evidence
2979,data,Open,Validate and implement with tests/evidence
2980,devops,Open,Validate and implement with tests/evidence
2981,backend,Open,Validate and implement with tests/evidence
2982,frontend,Open,Validate and implement with tests/evidence
2983,voice_scan,Open,Validate and implement with tests/evidence
2984,prediction,Open,Validate and implement with tests/evidence
2985,medicine,Open,Validate and implement with tests/evidence
2986,rag,Open,Validate and implement with tests/evidence
2987,safety,Open,Validate and implement with tests/evidence
2988,security,Open,Validate and implement with tests/evidence
2989,data,Open,Validate and implement with tests/evidence
2990,devops,Open,Validate and implement with tests/evidence
2991,backend,Open,Validate and implement with tests/evidence
2992,frontend,Open,Validate and implement with tests/evidence
2993,voice_scan,Open,Validate and implement with tests/evidence
2994,prediction,Open,Validate and implement with tests/evidence
2995,medicine,Open,Validate and implement with tests/evidence
2996,rag,Open,Validate and implement with tests/evidence
2997,safety,Open,Validate and implement with tests/evidence
2998,security,Open,Validate and implement with tests/evidence
2999,data,Open,Validate and implement with tests/evidence
3000,devops,Open,Validate and implement with tests/evidence
3001,backend,Open,Validate and implement with tests/evidence
3002,frontend,Open,Validate and implement with tests/evidence
3003,voice_scan,Open,Validate and implement with tests/evidence
3004,prediction,Open,Validate and implement with tests/evidence
3005,medicine,Open,Validate and implement with tests/evidence
3006,rag,Open,Validate and implement with tests/evidence
3007,safety,Open,Validate and implement with tests/evidence
3008,security,Open,Validate and implement with tests/evidence
3009,data,Open,Validate and implement with tests/evidence
3010,devops,Open,Validate and implement with tests/evidence
3011,backend,Open,Validate and implement with tests/evidence
3012,frontend,Open,Validate and implement with tests/evidence
3013,voice_scan,Open,Validate and implement with tests/evidence
3014,prediction,Open,Validate and implement with tests/evidence
3015,medicine,Open,Validate and implement with tests/evidence
3016,rag,Open,Validate and implement with tests/evidence
3017,safety,Open,Validate and implement with tests/evidence
3018,security,Open,Validate and implement with tests/evidence
3019,data,Open,Validate and implement with tests/evidence
3020,devops,Open,Validate and implement with tests/evidence
3021,backend,Open,Validate and implement with tests/evidence
3022,frontend,Open,Validate and implement with tests/evidence
3023,voice_scan,Open,Validate and implement with tests/evidence
3024,prediction,Open,Validate and implement with tests/evidence
3025,medicine,Open,Validate and implement with tests/evidence
3026,rag,Open,Validate and implement with tests/evidence
3027,safety,Open,Validate and implement with tests/evidence
3028,security,Open,Validate and implement with tests/evidence
3029,data,Open,Validate and implement with tests/evidence
3030,devops,Open,Validate and implement with tests/evidence
3031,backend,Open,Validate and implement with tests/evidence
3032,frontend,Open,Validate and implement with tests/evidence
3033,voice_scan,Open,Validate and implement with tests/evidence
3034,prediction,Open,Validate and implement with tests/evidence
3035,medicine,Open,Validate and implement with tests/evidence
3036,rag,Open,Validate and implement with tests/evidence
3037,safety,Open,Validate and implement with tests/evidence
3038,security,Open,Validate and implement with tests/evidence
3039,data,Open,Validate and implement with tests/evidence
3040,devops,Open,Validate and implement with tests/evidence
3041,backend,Open,Validate and implement with tests/evidence
3042,frontend,Open,Validate and implement with tests/evidence
3043,voice_scan,Open,Validate and implement with tests/evidence
3044,prediction,Open,Validate and implement with tests/evidence
3045,medicine,Open,Validate and implement with tests/evidence
3046,rag,Open,Validate and implement with tests/evidence
3047,safety,Open,Validate and implement with tests/evidence
3048,security,Open,Validate and implement with tests/evidence
3049,data,Open,Validate and implement with tests/evidence
3050,devops,Open,Validate and implement with tests/evidence
3051,backend,Open,Validate and implement with tests/evidence
3052,frontend,Open,Validate and implement with tests/evidence
3053,voice_scan,Open,Validate and implement with tests/evidence
3054,prediction,Open,Validate and implement with tests/evidence
3055,medicine,Open,Validate and implement with tests/evidence
3056,rag,Open,Validate and implement with tests/evidence
3057,safety,Open,Validate and implement with tests/evidence
3058,security,Open,Validate and implement with tests/evidence
3059,data,Open,Validate and implement with tests/evidence
3060,devops,Open,Validate and implement with tests/evidence
3061,backend,Open,Validate and implement with tests/evidence
3062,frontend,Open,Validate and implement with tests/evidence
3063,voice_scan,Open,Validate and implement with tests/evidence
3064,prediction,Open,Validate and implement with tests/evidence
3065,medicine,Open,Validate and implement with tests/evidence
3066,rag,Open,Validate and implement with tests/evidence
3067,safety,Open,Validate and implement with tests/evidence
3068,security,Open,Validate and implement with tests/evidence
3069,data,Open,Validate and implement with tests/evidence
3070,devops,Open,Validate and implement with tests/evidence
3071,backend,Open,Validate and implement with tests/evidence
3072,frontend,Open,Validate and implement with tests/evidence
3073,voice_scan,Open,Validate and implement with tests/evidence
3074,prediction,Open,Validate and implement with tests/evidence
3075,medicine,Open,Validate and implement with tests/evidence
3076,rag,Open,Validate and implement with tests/evidence
3077,safety,Open,Validate and implement with tests/evidence
3078,security,Open,Validate and implement with tests/evidence
3079,data,Open,Validate and implement with tests/evidence
3080,devops,Open,Validate and implement with tests/evidence
3081,backend,Open,Validate and implement with tests/evidence
3082,frontend,Open,Validate and implement with tests/evidence
3083,voice_scan,Open,Validate and implement with tests/evidence
3084,prediction,Open,Validate and implement with tests/evidence
3085,medicine,Open,Validate and implement with tests/evidence
3086,rag,Open,Validate and implement with tests/evidence
3087,safety,Open,Validate and implement with tests/evidence
3088,security,Open,Validate and implement with tests/evidence
3089,data,Open,Validate and implement with tests/evidence
3090,devops,Open,Validate and implement with tests/evidence
3091,backend,Open,Validate and implement with tests/evidence
3092,frontend,Open,Validate and implement with tests/evidence
3093,voice_scan,Open,Validate and implement with tests/evidence
3094,prediction,Open,Validate and implement with tests/evidence
3095,medicine,Open,Validate and implement with tests/evidence
3096,rag,Open,Validate and implement with tests/evidence
3097,safety,Open,Validate and implement with tests/evidence
3098,security,Open,Validate and implement with tests/evidence
3099,data,Open,Validate and implement with tests/evidence
3100,devops,Open,Validate and implement with tests/evidence
3101,backend,Open,Validate and implement with tests/evidence
3102,frontend,Open,Validate and implement with tests/evidence
3103,voice_scan,Open,Validate and implement with tests/evidence
3104,prediction,Open,Validate and implement with tests/evidence
3105,medicine,Open,Validate and implement with tests/evidence
3106,rag,Open,Validate and implement with tests/evidence
3107,safety,Open,Validate and implement with tests/evidence
3108,security,Open,Validate and implement with tests/evidence
3109,data,Open,Validate and implement with tests/evidence
3110,devops,Open,Validate and implement with tests/evidence
3111,backend,Open,Validate and implement with tests/evidence
3112,frontend,Open,Validate and implement with tests/evidence
3113,voice_scan,Open,Validate and implement with tests/evidence
3114,prediction,Open,Validate and implement with tests/evidence
3115,medicine,Open,Validate and implement with tests/evidence
3116,rag,Open,Validate and implement with tests/evidence
3117,safety,Open,Validate and implement with tests/evidence
3118,security,Open,Validate and implement with tests/evidence
3119,data,Open,Validate and implement with tests/evidence
3120,devops,Open,Validate and implement with tests/evidence
3121,backend,Open,Validate and implement with tests/evidence
3122,frontend,Open,Validate and implement with tests/evidence
3123,voice_scan,Open,Validate and implement with tests/evidence
3124,prediction,Open,Validate and implement with tests/evidence
3125,medicine,Open,Validate and implement with tests/evidence
3126,rag,Open,Validate and implement with tests/evidence
3127,safety,Open,Validate and implement with tests/evidence
3128,security,Open,Validate and implement with tests/evidence
3129,data,Open,Validate and implement with tests/evidence
3130,devops,Open,Validate and implement with tests/evidence
3131,backend,Open,Validate and implement with tests/evidence
3132,frontend,Open,Validate and implement with tests/evidence
3133,voice_scan,Open,Validate and implement with tests/evidence
3134,prediction,Open,Validate and implement with tests/evidence
3135,medicine,Open,Validate and implement with tests/evidence
3136,rag,Open,Validate and implement with tests/evidence
3137,safety,Open,Validate and implement with tests/evidence
3138,security,Open,Validate and implement with tests/evidence
3139,data,Open,Validate and implement with tests/evidence
3140,devops,Open,Validate and implement with tests/evidence
3141,backend,Open,Validate and implement with tests/evidence
3142,frontend,Open,Validate and implement with tests/evidence
3143,voice_scan,Open,Validate and implement with tests/evidence
3144,prediction,Open,Validate and implement with tests/evidence
3145,medicine,Open,Validate and implement with tests/evidence
3146,rag,Open,Validate and implement with tests/evidence
3147,safety,Open,Validate and implement with tests/evidence
3148,security,Open,Validate and implement with tests/evidence
3149,data,Open,Validate and implement with tests/evidence
3150,devops,Open,Validate and implement with tests/evidence
3151,backend,Open,Validate and implement with tests/evidence
3152,frontend,Open,Validate and implement with tests/evidence
3153,voice_scan,Open,Validate and implement with tests/evidence
3154,prediction,Open,Validate and implement with tests/evidence
3155,medicine,Open,Validate and implement with tests/evidence
3156,rag,Open,Validate and implement with tests/evidence
3157,safety,Open,Validate and implement with tests/evidence
3158,security,Open,Validate and implement with tests/evidence
3159,data,Open,Validate and implement with tests/evidence
3160,devops,Open,Validate and implement with tests/evidence
3161,backend,Open,Validate and implement with tests/evidence
3162,frontend,Open,Validate and implement with tests/evidence
3163,voice_scan,Open,Validate and implement with tests/evidence
3164,prediction,Open,Validate and implement with tests/evidence
3165,medicine,Open,Validate and implement with tests/evidence
3166,rag,Open,Validate and implement with tests/evidence
3167,safety,Open,Validate and implement with tests/evidence
3168,security,Open,Validate and implement with tests/evidence
3169,data,Open,Validate and implement with tests/evidence
3170,devops,Open,Validate and implement with tests/evidence
3171,backend,Open,Validate and implement with tests/evidence
3172,frontend,Open,Validate and implement with tests/evidence
3173,voice_scan,Open,Validate and implement with tests/evidence
3174,prediction,Open,Validate and implement with tests/evidence
3175,medicine,Open,Validate and implement with tests/evidence
3176,rag,Open,Validate and implement with tests/evidence
3177,safety,Open,Validate and implement with tests/evidence
3178,security,Open,Validate and implement with tests/evidence
3179,data,Open,Validate and implement with tests/evidence
3180,devops,Open,Validate and implement with tests/evidence
3181,backend,Open,Validate and implement with tests/evidence
3182,frontend,Open,Validate and implement with tests/evidence
3183,voice_scan,Open,Validate and implement with tests/evidence
3184,prediction,Open,Validate and implement with tests/evidence
3185,medicine,Open,Validate and implement with tests/evidence
3186,rag,Open,Validate and implement with tests/evidence
3187,safety,Open,Validate and implement with tests/evidence
3188,security,Open,Validate and implement with tests/evidence
3189,data,Open,Validate and implement with tests/evidence
3190,devops,Open,Validate and implement with tests/evidence
3191,backend,Open,Validate and implement with tests/evidence
3192,frontend,Open,Validate and implement with tests/evidence
3193,voice_scan,Open,Validate and implement with tests/evidence
3194,prediction,Open,Validate and implement with tests/evidence
3195,medicine,Open,Validate and implement with tests/evidence
3196,rag,Open,Validate and implement with tests/evidence
3197,safety,Open,Validate and implement with tests/evidence
3198,security,Open,Validate and implement with tests/evidence
3199,data,Open,Validate and implement with tests/evidence
3200,devops,Open,Validate and implement with tests/evidence
3201,backend,Open,Validate and implement with tests/evidence
3202,frontend,Open,Validate and implement with tests/evidence
3203,voice_scan,Open,Validate and implement with tests/evidence
3204,prediction,Open,Validate and implement with tests/evidence
3205,medicine,Open,Validate and implement with tests/evidence
3206,rag,Open,Validate and implement with tests/evidence
3207,safety,Open,Validate and implement with tests/evidence
3208,security,Open,Validate and implement with tests/evidence
3209,data,Open,Validate and implement with tests/evidence
3210,devops,Open,Validate and implement with tests/evidence
3211,backend,Open,Validate and implement with tests/evidence
3212,frontend,Open,Validate and implement with tests/evidence
3213,voice_scan,Open,Validate and implement with tests/evidence
3214,prediction,Open,Validate and implement with tests/evidence
3215,medicine,Open,Validate and implement with tests/evidence
3216,rag,Open,Validate and implement with tests/evidence
3217,safety,Open,Validate and implement with tests/evidence
3218,security,Open,Validate and implement with tests/evidence
3219,data,Open,Validate and implement with tests/evidence
3220,devops,Open,Validate and implement with tests/evidence
3221,backend,Open,Validate and implement with tests/evidence
3222,frontend,Open,Validate and implement with tests/evidence
3223,voice_scan,Open,Validate and implement with tests/evidence
3224,prediction,Open,Validate and implement with tests/evidence
3225,medicine,Open,Validate and implement with tests/evidence
3226,rag,Open,Validate and implement with tests/evidence
3227,safety,Open,Validate and implement with tests/evidence
3228,security,Open,Validate and implement with tests/evidence
3229,data,Open,Validate and implement with tests/evidence
3230,devops,Open,Validate and implement with tests/evidence
3231,backend,Open,Validate and implement with tests/evidence
3232,frontend,Open,Validate and implement with tests/evidence
3233,voice_scan,Open,Validate and implement with tests/evidence
3234,prediction,Open,Validate and implement with tests/evidence
3235,medicine,Open,Validate and implement with tests/evidence
3236,rag,Open,Validate and implement with tests/evidence
3237,safety,Open,Validate and implement with tests/evidence
3238,security,Open,Validate and implement with tests/evidence
3239,data,Open,Validate and implement with tests/evidence
3240,devops,Open,Validate and implement with tests/evidence
3241,backend,Open,Validate and implement with tests/evidence
3242,frontend,Open,Validate and implement with tests/evidence
3243,voice_scan,Open,Validate and implement with tests/evidence
3244,prediction,Open,Validate and implement with tests/evidence
3245,medicine,Open,Validate and implement with tests/evidence
3246,rag,Open,Validate and implement with tests/evidence
3247,safety,Open,Validate and implement with tests/evidence
3248,security,Open,Validate and implement with tests/evidence
3249,data,Open,Validate and implement with tests/evidence
3250,devops,Open,Validate and implement with tests/evidence
3251,backend,Open,Validate and implement with tests/evidence
3252,frontend,Open,Validate and implement with tests/evidence
3253,voice_scan,Open,Validate and implement with tests/evidence
3254,prediction,Open,Validate and implement with tests/evidence
3255,medicine,Open,Validate and implement with tests/evidence
3256,rag,Open,Validate and implement with tests/evidence
3257,safety,Open,Validate and implement with tests/evidence
3258,security,Open,Validate and implement with tests/evidence
3259,data,Open,Validate and implement with tests/evidence
3260,devops,Open,Validate and implement with tests/evidence
3261,backend,Open,Validate and implement with tests/evidence
3262,frontend,Open,Validate and implement with tests/evidence
3263,voice_scan,Open,Validate and implement with tests/evidence
3264,prediction,Open,Validate and implement with tests/evidence
3265,medicine,Open,Validate and implement with tests/evidence
3266,rag,Open,Validate and implement with tests/evidence
3267,safety,Open,Validate and implement with tests/evidence
3268,security,Open,Validate and implement with tests/evidence
3269,data,Open,Validate and implement with tests/evidence
3270,devops,Open,Validate and implement with tests/evidence
3271,backend,Open,Validate and implement with tests/evidence
3272,frontend,Open,Validate and implement with tests/evidence
3273,voice_scan,Open,Validate and implement with tests/evidence
3274,prediction,Open,Validate and implement with tests/evidence
3275,medicine,Open,Validate and implement with tests/evidence
3276,rag,Open,Validate and implement with tests/evidence
3277,safety,Open,Validate and implement with tests/evidence
3278,security,Open,Validate and implement with tests/evidence
3279,data,Open,Validate and implement with tests/evidence
3280,devops,Open,Validate and implement with tests/evidence
3281,backend,Open,Validate and implement with tests/evidence
3282,frontend,Open,Validate and implement with tests/evidence
3283,voice_scan,Open,Validate and implement with tests/evidence
3284,prediction,Open,Validate and implement with tests/evidence
3285,medicine,Open,Validate and implement with tests/evidence
3286,rag,Open,Validate and implement with tests/evidence
3287,safety,Open,Validate and implement with tests/evidence
3288,security,Open,Validate and implement with tests/evidence
3289,data,Open,Validate and implement with tests/evidence
3290,devops,Open,Validate and implement with tests/evidence
3291,backend,Open,Validate and implement with tests/evidence
3292,frontend,Open,Validate and implement with tests/evidence
3293,voice_scan,Open,Validate and implement with tests/evidence
3294,prediction,Open,Validate and implement with tests/evidence
3295,medicine,Open,Validate and implement with tests/evidence
3296,rag,Open,Validate and implement with tests/evidence
3297,safety,Open,Validate and implement with tests/evidence
3298,security,Open,Validate and implement with tests/evidence
3299,data,Open,Validate and implement with tests/evidence
3300,devops,Open,Validate and implement with tests/evidence
3301,backend,Open,Validate and implement with tests/evidence
3302,frontend,Open,Validate and implement with tests/evidence
3303,voice_scan,Open,Validate and implement with tests/evidence
3304,prediction,Open,Validate and implement with tests/evidence
3305,medicine,Open,Validate and implement with tests/evidence
3306,rag,Open,Validate and implement with tests/evidence
3307,safety,Open,Validate and implement with tests/evidence
3308,security,Open,Validate and implement with tests/evidence
3309,data,Open,Validate and implement with tests/evidence
3310,devops,Open,Validate and implement with tests/evidence
3311,backend,Open,Validate and implement with tests/evidence
3312,frontend,Open,Validate and implement with tests/evidence
3313,voice_scan,Open,Validate and implement with tests/evidence
3314,prediction,Open,Validate and implement with tests/evidence
3315,medicine,Open,Validate and implement with tests/evidence
3316,rag,Open,Validate and implement with tests/evidence
3317,safety,Open,Validate and implement with tests/evidence
3318,security,Open,Validate and implement with tests/evidence
3319,data,Open,Validate and implement with tests/evidence
3320,devops,Open,Validate and implement with tests/evidence
3321,backend,Open,Validate and implement with tests/evidence
3322,frontend,Open,Validate and implement with tests/evidence
3323,voice_scan,Open,Validate and implement with tests/evidence
3324,prediction,Open,Validate and implement with tests/evidence
3325,medicine,Open,Validate and implement with tests/evidence
3326,rag,Open,Validate and implement with tests/evidence
3327,safety,Open,Validate and implement with tests/evidence
3328,security,Open,Validate and implement with tests/evidence
3329,data,Open,Validate and implement with tests/evidence
3330,devops,Open,Validate and implement with tests/evidence
3331,backend,Open,Validate and implement with tests/evidence
3332,frontend,Open,Validate and implement with tests/evidence
3333,voice_scan,Open,Validate and implement with tests/evidence
3334,prediction,Open,Validate and implement with tests/evidence
3335,medicine,Open,Validate and implement with tests/evidence
3336,rag,Open,Validate and implement with tests/evidence
3337,safety,Open,Validate and implement with tests/evidence
3338,security,Open,Validate and implement with tests/evidence
3339,data,Open,Validate and implement with tests/evidence
3340,devops,Open,Validate and implement with tests/evidence
3341,backend,Open,Validate and implement with tests/evidence
3342,frontend,Open,Validate and implement with tests/evidence
3343,voice_scan,Open,Validate and implement with tests/evidence
3344,prediction,Open,Validate and implement with tests/evidence
3345,medicine,Open,Validate and implement with tests/evidence
3346,rag,Open,Validate and implement with tests/evidence
3347,safety,Open,Validate and implement with tests/evidence
3348,security,Open,Validate and implement with tests/evidence
3349,data,Open,Validate and implement with tests/evidence
3350,devops,Open,Validate and implement with tests/evidence
3351,backend,Open,Validate and implement with tests/evidence
3352,frontend,Open,Validate and implement with tests/evidence
3353,voice_scan,Open,Validate and implement with tests/evidence
3354,prediction,Open,Validate and implement with tests/evidence
3355,medicine,Open,Validate and implement with tests/evidence
3356,rag,Open,Validate and implement with tests/evidence
3357,safety,Open,Validate and implement with tests/evidence
3358,security,Open,Validate and implement with tests/evidence
3359,data,Open,Validate and implement with tests/evidence
3360,devops,Open,Validate and implement with tests/evidence
3361,backend,Open,Validate and implement with tests/evidence
3362,frontend,Open,Validate and implement with tests/evidence
3363,voice_scan,Open,Validate and implement with tests/evidence
3364,prediction,Open,Validate and implement with tests/evidence
3365,medicine,Open,Validate and implement with tests/evidence
3366,rag,Open,Validate and implement with tests/evidence
3367,safety,Open,Validate and implement with tests/evidence
3368,security,Open,Validate and implement with tests/evidence
3369,data,Open,Validate and implement with tests/evidence
3370,devops,Open,Validate and implement with tests/evidence
3371,backend,Open,Validate and implement with tests/evidence
3372,frontend,Open,Validate and implement with tests/evidence
3373,voice_scan,Open,Validate and implement with tests/evidence
3374,prediction,Open,Validate and implement with tests/evidence
3375,medicine,Open,Validate and implement with tests/evidence
3376,rag,Open,Validate and implement with tests/evidence
3377,safety,Open,Validate and implement with tests/evidence
3378,security,Open,Validate and implement with tests/evidence
3379,data,Open,Validate and implement with tests/evidence
3380,devops,Open,Validate and implement with tests/evidence
3381,backend,Open,Validate and implement with tests/evidence
3382,frontend,Open,Validate and implement with tests/evidence
3383,voice_scan,Open,Validate and implement with tests/evidence
3384,prediction,Open,Validate and implement with tests/evidence
3385,medicine,Open,Validate and implement with tests/evidence
3386,rag,Open,Validate and implement with tests/evidence
3387,safety,Open,Validate and implement with tests/evidence
3388,security,Open,Validate and implement with tests/evidence
3389,data,Open,Validate and implement with tests/evidence
3390,devops,Open,Validate and implement with tests/evidence
3391,backend,Open,Validate and implement with tests/evidence
3392,frontend,Open,Validate and implement with tests/evidence
3393,voice_scan,Open,Validate and implement with tests/evidence
3394,prediction,Open,Validate and implement with tests/evidence
3395,medicine,Open,Validate and implement with tests/evidence
3396,rag,Open,Validate and implement with tests/evidence
3397,safety,Open,Validate and implement with tests/evidence
3398,security,Open,Validate and implement with tests/evidence
3399,data,Open,Validate and implement with tests/evidence
3400,devops,Open,Validate and implement with tests/evidence
3401,backend,Open,Validate and implement with tests/evidence
3402,frontend,Open,Validate and implement with tests/evidence
3403,voice_scan,Open,Validate and implement with tests/evidence
3404,prediction,Open,Validate and implement with tests/evidence
3405,medicine,Open,Validate and implement with tests/evidence
3406,rag,Open,Validate and implement with tests/evidence
3407,safety,Open,Validate and implement with tests/evidence
3408,security,Open,Validate and implement with tests/evidence
3409,data,Open,Validate and implement with tests/evidence
3410,devops,Open,Validate and implement with tests/evidence
3411,backend,Open,Validate and implement with tests/evidence
3412,frontend,Open,Validate and implement with tests/evidence
3413,voice_scan,Open,Validate and implement with tests/evidence
3414,prediction,Open,Validate and implement with tests/evidence
3415,medicine,Open,Validate and implement with tests/evidence
3416,rag,Open,Validate and implement with tests/evidence
3417,safety,Open,Validate and implement with tests/evidence
3418,security,Open,Validate and implement with tests/evidence
3419,data,Open,Validate and implement with tests/evidence
3420,devops,Open,Validate and implement with tests/evidence
3421,backend,Open,Validate and implement with tests/evidence
3422,frontend,Open,Validate and implement with tests/evidence
3423,voice_scan,Open,Validate and implement with tests/evidence
3424,prediction,Open,Validate and implement with tests/evidence
3425,medicine,Open,Validate and implement with tests/evidence
3426,rag,Open,Validate and implement with tests/evidence
3427,safety,Open,Validate and implement with tests/evidence
3428,security,Open,Validate and implement with tests/evidence
3429,data,Open,Validate and implement with tests/evidence
3430,devops,Open,Validate and implement with tests/evidence
3431,backend,Open,Validate and implement with tests/evidence
3432,frontend,Open,Validate and implement with tests/evidence
3433,voice_scan,Open,Validate and implement with tests/evidence
3434,prediction,Open,Validate and implement with tests/evidence
3435,medicine,Open,Validate and implement with tests/evidence
3436,rag,Open,Validate and implement with tests/evidence
3437,safety,Open,Validate and implement with tests/evidence
3438,security,Open,Validate and implement with tests/evidence
3439,data,Open,Validate and implement with tests/evidence
3440,devops,Open,Validate and implement with tests/evidence
3441,backend,Open,Validate and implement with tests/evidence
3442,frontend,Open,Validate and implement with tests/evidence
3443,voice_scan,Open,Validate and implement with tests/evidence
3444,prediction,Open,Validate and implement with tests/evidence
3445,medicine,Open,Validate and implement with tests/evidence
3446,rag,Open,Validate and implement with tests/evidence
3447,safety,Open,Validate and implement with tests/evidence
3448,security,Open,Validate and implement with tests/evidence
3449,data,Open,Validate and implement with tests/evidence
3450,devops,Open,Validate and implement with tests/evidence
3451,backend,Open,Validate and implement with tests/evidence
3452,frontend,Open,Validate and implement with tests/evidence
3453,voice_scan,Open,Validate and implement with tests/evidence
3454,prediction,Open,Validate and implement with tests/evidence
3455,medicine,Open,Validate and implement with tests/evidence
3456,rag,Open,Validate and implement with tests/evidence
3457,safety,Open,Validate and implement with tests/evidence
3458,security,Open,Validate and implement with tests/evidence
3459,data,Open,Validate and implement with tests/evidence
3460,devops,Open,Validate and implement with tests/evidence
3461,backend,Open,Validate and implement with tests/evidence
3462,frontend,Open,Validate and implement with tests/evidence
3463,voice_scan,Open,Validate and implement with tests/evidence
3464,prediction,Open,Validate and implement with tests/evidence
3465,medicine,Open,Validate and implement with tests/evidence
3466,rag,Open,Validate and implement with tests/evidence
3467,safety,Open,Validate and implement with tests/evidence
3468,security,Open,Validate and implement with tests/evidence
3469,data,Open,Validate and implement with tests/evidence
3470,devops,Open,Validate and implement with tests/evidence
3471,backend,Open,Validate and implement with tests/evidence
3472,frontend,Open,Validate and implement with tests/evidence
3473,voice_scan,Open,Validate and implement with tests/evidence
3474,prediction,Open,Validate and implement with tests/evidence
3475,medicine,Open,Validate and implement with tests/evidence
3476,rag,Open,Validate and implement with tests/evidence
3477,safety,Open,Validate and implement with tests/evidence
3478,security,Open,Validate and implement with tests/evidence
3479,data,Open,Validate and implement with tests/evidence
3480,devops,Open,Validate and implement with tests/evidence
3481,backend,Open,Validate and implement with tests/evidence
3482,frontend,Open,Validate and implement with tests/evidence
3483,voice_scan,Open,Validate and implement with tests/evidence
3484,prediction,Open,Validate and implement with tests/evidence
3485,medicine,Open,Validate and implement with tests/evidence
3486,rag,Open,Validate and implement with tests/evidence
3487,safety,Open,Validate and implement with tests/evidence
3488,security,Open,Validate and implement with tests/evidence
3489,data,Open,Validate and implement with tests/evidence
3490,devops,Open,Validate and implement with tests/evidence
3491,backend,Open,Validate and implement with tests/evidence
3492,frontend,Open,Validate and implement with tests/evidence
3493,voice_scan,Open,Validate and implement with tests/evidence
3494,prediction,Open,Validate and implement with tests/evidence
3495,medicine,Open,Validate and implement with tests/evidence
3496,rag,Open,Validate and implement with tests/evidence
3497,safety,Open,Validate and implement with tests/evidence
3498,security,Open,Validate and implement with tests/evidence
3499,data,Open,Validate and implement with tests/evidence
3500,devops,Open,Validate and implement with tests/evidence
3501,backend,Open,Validate and implement with tests/evidence
3502,frontend,Open,Validate and implement with tests/evidence
3503,voice_scan,Open,Validate and implement with tests/evidence
3504,prediction,Open,Validate and implement with tests/evidence
3505,medicine,Open,Validate and implement with tests/evidence
3506,rag,Open,Validate and implement with tests/evidence
3507,safety,Open,Validate and implement with tests/evidence
3508,security,Open,Validate and implement with tests/evidence
3509,data,Open,Validate and implement with tests/evidence
3510,devops,Open,Validate and implement with tests/evidence
3511,backend,Open,Validate and implement with tests/evidence
3512,frontend,Open,Validate and implement with tests/evidence
3513,voice_scan,Open,Validate and implement with tests/evidence
3514,prediction,Open,Validate and implement with tests/evidence
3515,medicine,Open,Validate and implement with tests/evidence
3516,rag,Open,Validate and implement with tests/evidence
3517,safety,Open,Validate and implement with tests/evidence
3518,security,Open,Validate and implement with tests/evidence
3519,data,Open,Validate and implement with tests/evidence
3520,devops,Open,Validate and implement with tests/evidence
3521,backend,Open,Validate and implement with tests/evidence
3522,frontend,Open,Validate and implement with tests/evidence
3523,voice_scan,Open,Validate and implement with tests/evidence
3524,prediction,Open,Validate and implement with tests/evidence
3525,medicine,Open,Validate and implement with tests/evidence
3526,rag,Open,Validate and implement with tests/evidence
3527,safety,Open,Validate and implement with tests/evidence
3528,security,Open,Validate and implement with tests/evidence
3529,data,Open,Validate and implement with tests/evidence
3530,devops,Open,Validate and implement with tests/evidence
3531,backend,Open,Validate and implement with tests/evidence
3532,frontend,Open,Validate and implement with tests/evidence
3533,voice_scan,Open,Validate and implement with tests/evidence
3534,prediction,Open,Validate and implement with tests/evidence
3535,medicine,Open,Validate and implement with tests/evidence
3536,rag,Open,Validate and implement with tests/evidence
3537,safety,Open,Validate and implement with tests/evidence
3538,security,Open,Validate and implement with tests/evidence
3539,data,Open,Validate and implement with tests/evidence
3540,devops,Open,Validate and implement with tests/evidence
3541,backend,Open,Validate and implement with tests/evidence
3542,frontend,Open,Validate and implement with tests/evidence
3543,voice_scan,Open,Validate and implement with tests/evidence
3544,prediction,Open,Validate and implement with tests/evidence
3545,medicine,Open,Validate and implement with tests/evidence
3546,rag,Open,Validate and implement with tests/evidence
3547,safety,Open,Validate and implement with tests/evidence
3548,security,Open,Validate and implement with tests/evidence
3549,data,Open,Validate and implement with tests/evidence
3550,devops,Open,Validate and implement with tests/evidence
3551,backend,Open,Validate and implement with tests/evidence
3552,frontend,Open,Validate and implement with tests/evidence
3553,voice_scan,Open,Validate and implement with tests/evidence
3554,prediction,Open,Validate and implement with tests/evidence
3555,medicine,Open,Validate and implement with tests/evidence
3556,rag,Open,Validate and implement with tests/evidence
3557,safety,Open,Validate and implement with tests/evidence
3558,security,Open,Validate and implement with tests/evidence
3559,data,Open,Validate and implement with tests/evidence
3560,devops,Open,Validate and implement with tests/evidence
3561,backend,Open,Validate and implement with tests/evidence
3562,frontend,Open,Validate and implement with tests/evidence
3563,voice_scan,Open,Validate and implement with tests/evidence
3564,prediction,Open,Validate and implement with tests/evidence
3565,medicine,Open,Validate and implement with tests/evidence
3566,rag,Open,Validate and implement with tests/evidence
3567,safety,Open,Validate and implement with tests/evidence
3568,security,Open,Validate and implement with tests/evidence
3569,data,Open,Validate and implement with tests/evidence
3570,devops,Open,Validate and implement with tests/evidence
3571,backend,Open,Validate and implement with tests/evidence
3572,frontend,Open,Validate and implement with tests/evidence
3573,voice_scan,Open,Validate and implement with tests/evidence
3574,prediction,Open,Validate and implement with tests/evidence
3575,medicine,Open,Validate and implement with tests/evidence
3576,rag,Open,Validate and implement with tests/evidence
3577,safety,Open,Validate and implement with tests/evidence
3578,security,Open,Validate and implement with tests/evidence
3579,data,Open,Validate and implement with tests/evidence
3580,devops,Open,Validate and implement with tests/evidence
3581,backend,Open,Validate and implement with tests/evidence
3582,frontend,Open,Validate and implement with tests/evidence
3583,voice_scan,Open,Validate and implement with tests/evidence
3584,prediction,Open,Validate and implement with tests/evidence
3585,medicine,Open,Validate and implement with tests/evidence
3586,rag,Open,Validate and implement with tests/evidence
3587,safety,Open,Validate and implement with tests/evidence
3588,security,Open,Validate and implement with tests/evidence
3589,data,Open,Validate and implement with tests/evidence
3590,devops,Open,Validate and implement with tests/evidence
3591,backend,Open,Validate and implement with tests/evidence
3592,frontend,Open,Validate and implement with tests/evidence
3593,voice_scan,Open,Validate and implement with tests/evidence
3594,prediction,Open,Validate and implement with tests/evidence
3595,medicine,Open,Validate and implement with tests/evidence
3596,rag,Open,Validate and implement with tests/evidence
3597,safety,Open,Validate and implement with tests/evidence
3598,security,Open,Validate and implement with tests/evidence
3599,data,Open,Validate and implement with tests/evidence
3600,devops,Open,Validate and implement with tests/evidence
3601,backend,Open,Validate and implement with tests/evidence
3602,frontend,Open,Validate and implement with tests/evidence
3603,voice_scan,Open,Validate and implement with tests/evidence
3604,prediction,Open,Validate and implement with tests/evidence
3605,medicine,Open,Validate and implement with tests/evidence
3606,rag,Open,Validate and implement with tests/evidence
3607,safety,Open,Validate and implement with tests/evidence
3608,security,Open,Validate and implement with tests/evidence
3609,data,Open,Validate and implement with tests/evidence
3610,devops,Open,Validate and implement with tests/evidence
3611,backend,Open,Validate and implement with tests/evidence
3612,frontend,Open,Validate and implement with tests/evidence
3613,voice_scan,Open,Validate and implement with tests/evidence
3614,prediction,Open,Validate and implement with tests/evidence
3615,medicine,Open,Validate and implement with tests/evidence
3616,rag,Open,Validate and implement with tests/evidence
3617,safety,Open,Validate and implement with tests/evidence
3618,security,Open,Validate and implement with tests/evidence
3619,data,Open,Validate and implement with tests/evidence
3620,devops,Open,Validate and implement with tests/evidence
3621,backend,Open,Validate and implement with tests/evidence
3622,frontend,Open,Validate and implement with tests/evidence
3623,voice_scan,Open,Validate and implement with tests/evidence
3624,prediction,Open,Validate and implement with tests/evidence
3625,medicine,Open,Validate and implement with tests/evidence
3626,rag,Open,Validate and implement with tests/evidence
3627,safety,Open,Validate and implement with tests/evidence
3628,security,Open,Validate and implement with tests/evidence
3629,data,Open,Validate and implement with tests/evidence
3630,devops,Open,Validate and implement with tests/evidence
3631,backend,Open,Validate and implement with tests/evidence
3632,frontend,Open,Validate and implement with tests/evidence
3633,voice_scan,Open,Validate and implement with tests/evidence
3634,prediction,Open,Validate and implement with tests/evidence
3635,medicine,Open,Validate and implement with tests/evidence
3636,rag,Open,Validate and implement with tests/evidence
3637,safety,Open,Validate and implement with tests/evidence
3638,security,Open,Validate and implement with tests/evidence
3639,data,Open,Validate and implement with tests/evidence
3640,devops,Open,Validate and implement with tests/evidence
3641,backend,Open,Validate and implement with tests/evidence
3642,frontend,Open,Validate and implement with tests/evidence
3643,voice_scan,Open,Validate and implement with tests/evidence
3644,prediction,Open,Validate and implement with tests/evidence
3645,medicine,Open,Validate and implement with tests/evidence
3646,rag,Open,Validate and implement with tests/evidence
3647,safety,Open,Validate and implement with tests/evidence
3648,security,Open,Validate and implement with tests/evidence
3649,data,Open,Validate and implement with tests/evidence
3650,devops,Open,Validate and implement with tests/evidence
3651,backend,Open,Validate and implement with tests/evidence
3652,frontend,Open,Validate and implement with tests/evidence
3653,voice_scan,Open,Validate and implement with tests/evidence
3654,prediction,Open,Validate and implement with tests/evidence
3655,medicine,Open,Validate and implement with tests/evidence
3656,rag,Open,Validate and implement with tests/evidence
3657,safety,Open,Validate and implement with tests/evidence
3658,security,Open,Validate and implement with tests/evidence
3659,data,Open,Validate and implement with tests/evidence
3660,devops,Open,Validate and implement with tests/evidence
3661,backend,Open,Validate and implement with tests/evidence
3662,frontend,Open,Validate and implement with tests/evidence
3663,voice_scan,Open,Validate and implement with tests/evidence
3664,prediction,Open,Validate and implement with tests/evidence
3665,medicine,Open,Validate and implement with tests/evidence
3666,rag,Open,Validate and implement with tests/evidence
3667,safety,Open,Validate and implement with tests/evidence
3668,security,Open,Validate and implement with tests/evidence
3669,data,Open,Validate and implement with tests/evidence
3670,devops,Open,Validate and implement with tests/evidence
3671,backend,Open,Validate and implement with tests/evidence
3672,frontend,Open,Validate and implement with tests/evidence
3673,voice_scan,Open,Validate and implement with tests/evidence
3674,prediction,Open,Validate and implement with tests/evidence
3675,medicine,Open,Validate and implement with tests/evidence
3676,rag,Open,Validate and implement with tests/evidence
3677,safety,Open,Validate and implement with tests/evidence
3678,security,Open,Validate and implement with tests/evidence
3679,data,Open,Validate and implement with tests/evidence
3680,devops,Open,Validate and implement with tests/evidence
3681,backend,Open,Validate and implement with tests/evidence
3682,frontend,Open,Validate and implement with tests/evidence
3683,voice_scan,Open,Validate and implement with tests/evidence
3684,prediction,Open,Validate and implement with tests/evidence
3685,medicine,Open,Validate and implement with tests/evidence
3686,rag,Open,Validate and implement with tests/evidence
3687,safety,Open,Validate and implement with tests/evidence
3688,security,Open,Validate and implement with tests/evidence
3689,data,Open,Validate and implement with tests/evidence
3690,devops,Open,Validate and implement with tests/evidence
3691,backend,Open,Validate and implement with tests/evidence
3692,frontend,Open,Validate and implement with tests/evidence
3693,voice_scan,Open,Validate and implement with tests/evidence
3694,prediction,Open,Validate and implement with tests/evidence
3695,medicine,Open,Validate and implement with tests/evidence
3696,rag,Open,Validate and implement with tests/evidence
3697,safety,Open,Validate and implement with tests/evidence
3698,security,Open,Validate and implement with tests/evidence
3699,data,Open,Validate and implement with tests/evidence
3700,devops,Open,Validate and implement with tests/evidence
3701,backend,Open,Validate and implement with tests/evidence
3702,frontend,Open,Validate and implement with tests/evidence
3703,voice_scan,Open,Validate and implement with tests/evidence
3704,prediction,Open,Validate and implement with tests/evidence
3705,medicine,Open,Validate and implement with tests/evidence
3706,rag,Open,Validate and implement with tests/evidence
3707,safety,Open,Validate and implement with tests/evidence
3708,security,Open,Validate and implement with tests/evidence
3709,data,Open,Validate and implement with tests/evidence
3710,devops,Open,Validate and implement with tests/evidence
3711,backend,Open,Validate and implement with tests/evidence
3712,frontend,Open,Validate and implement with tests/evidence
3713,voice_scan,Open,Validate and implement with tests/evidence
3714,prediction,Open,Validate and implement with tests/evidence
3715,medicine,Open,Validate and implement with tests/evidence
3716,rag,Open,Validate and implement with tests/evidence
3717,safety,Open,Validate and implement with tests/evidence
3718,security,Open,Validate and implement with tests/evidence
3719,data,Open,Validate and implement with tests/evidence
3720,devops,Open,Validate and implement with tests/evidence
3721,backend,Open,Validate and implement with tests/evidence
3722,frontend,Open,Validate and implement with tests/evidence
3723,voice_scan,Open,Validate and implement with tests/evidence
3724,prediction,Open,Validate and implement with tests/evidence
3725,medicine,Open,Validate and implement with tests/evidence
3726,rag,Open,Validate and implement with tests/evidence
3727,safety,Open,Validate and implement with tests/evidence
3728,security,Open,Validate and implement with tests/evidence
3729,data,Open,Validate and implement with tests/evidence
3730,devops,Open,Validate and implement with tests/evidence
3731,backend,Open,Validate and implement with tests/evidence
3732,frontend,Open,Validate and implement with tests/evidence
3733,voice_scan,Open,Validate and implement with tests/evidence
3734,prediction,Open,Validate and implement with tests/evidence
3735,medicine,Open,Validate and implement with tests/evidence
3736,rag,Open,Validate and implement with tests/evidence
3737,safety,Open,Validate and implement with tests/evidence
3738,security,Open,Validate and implement with tests/evidence
3739,data,Open,Validate and implement with tests/evidence
3740,devops,Open,Validate and implement with tests/evidence
3741,backend,Open,Validate and implement with tests/evidence
3742,frontend,Open,Validate and implement with tests/evidence
3743,voice_scan,Open,Validate and implement with tests/evidence
3744,prediction,Open,Validate and implement with tests/evidence
3745,medicine,Open,Validate and implement with tests/evidence
3746,rag,Open,Validate and implement with tests/evidence
3747,safety,Open,Validate and implement with tests/evidence
3748,security,Open,Validate and implement with tests/evidence
3749,data,Open,Validate and implement with tests/evidence
3750,devops,Open,Validate and implement with tests/evidence
3751,backend,Open,Validate and implement with tests/evidence
3752,frontend,Open,Validate and implement with tests/evidence
3753,voice_scan,Open,Validate and implement with tests/evidence
3754,prediction,Open,Validate and implement with tests/evidence
3755,medicine,Open,Validate and implement with tests/evidence
3756,rag,Open,Validate and implement with tests/evidence
3757,safety,Open,Validate and implement with tests/evidence
3758,security,Open,Validate and implement with tests/evidence
3759,data,Open,Validate and implement with tests/evidence
3760,devops,Open,Validate and implement with tests/evidence
3761,backend,Open,Validate and implement with tests/evidence
3762,frontend,Open,Validate and implement with tests/evidence
3763,voice_scan,Open,Validate and implement with tests/evidence
3764,prediction,Open,Validate and implement with tests/evidence
3765,medicine,Open,Validate and implement with tests/evidence
3766,rag,Open,Validate and implement with tests/evidence
3767,safety,Open,Validate and implement with tests/evidence
3768,security,Open,Validate and implement with tests/evidence
3769,data,Open,Validate and implement with tests/evidence
3770,devops,Open,Validate and implement with tests/evidence
3771,backend,Open,Validate and implement with tests/evidence
3772,frontend,Open,Validate and implement with tests/evidence
3773,voice_scan,Open,Validate and implement with tests/evidence
3774,prediction,Open,Validate and implement with tests/evidence
3775,medicine,Open,Validate and implement with tests/evidence
3776,rag,Open,Validate and implement with tests/evidence
3777,safety,Open,Validate and implement with tests/evidence
3778,security,Open,Validate and implement with tests/evidence
3779,data,Open,Validate and implement with tests/evidence
3780,devops,Open,Validate and implement with tests/evidence
3781,backend,Open,Validate and implement with tests/evidence
3782,frontend,Open,Validate and implement with tests/evidence
3783,voice_scan,Open,Validate and implement with tests/evidence
3784,prediction,Open,Validate and implement with tests/evidence
3785,medicine,Open,Validate and implement with tests/evidence
3786,rag,Open,Validate and implement with tests/evidence
3787,safety,Open,Validate and implement with tests/evidence
3788,security,Open,Validate and implement with tests/evidence
3789,data,Open,Validate and implement with tests/evidence
3790,devops,Open,Validate and implement with tests/evidence
3791,backend,Open,Validate and implement with tests/evidence
3792,frontend,Open,Validate and implement with tests/evidence
3793,voice_scan,Open,Validate and implement with tests/evidence
3794,prediction,Open,Validate and implement with tests/evidence
3795,medicine,Open,Validate and implement with tests/evidence
3796,rag,Open,Validate and implement with tests/evidence
3797,safety,Open,Validate and implement with tests/evidence
3798,security,Open,Validate and implement with tests/evidence
3799,data,Open,Validate and implement with tests/evidence
3800,devops,Open,Validate and implement with tests/evidence
3801,backend,Open,Validate and implement with tests/evidence
3802,frontend,Open,Validate and implement with tests/evidence
3803,voice_scan,Open,Validate and implement with tests/evidence
3804,prediction,Open,Validate and implement with tests/evidence
3805,medicine,Open,Validate and implement with tests/evidence
3806,rag,Open,Validate and implement with tests/evidence
3807,safety,Open,Validate and implement with tests/evidence
3808,security,Open,Validate and implement with tests/evidence
3809,data,Open,Validate and implement with tests/evidence
3810,devops,Open,Validate and implement with tests/evidence
3811,backend,Open,Validate and implement with tests/evidence
3812,frontend,Open,Validate and implement with tests/evidence
3813,voice_scan,Open,Validate and implement with tests/evidence
3814,prediction,Open,Validate and implement with tests/evidence
3815,medicine,Open,Validate and implement with tests/evidence
3816,rag,Open,Validate and implement with tests/evidence
3817,safety,Open,Validate and implement with tests/evidence
3818,security,Open,Validate and implement with tests/evidence
3819,data,Open,Validate and implement with tests/evidence
3820,devops,Open,Validate and implement with tests/evidence
3821,backend,Open,Validate and implement with tests/evidence
3822,frontend,Open,Validate and implement with tests/evidence
3823,voice_scan,Open,Validate and implement with tests/evidence
3824,prediction,Open,Validate and implement with tests/evidence
3825,medicine,Open,Validate and implement with tests/evidence
3826,rag,Open,Validate and implement with tests/evidence
3827,safety,Open,Validate and implement with tests/evidence
3828,security,Open,Validate and implement with tests/evidence
3829,data,Open,Validate and implement with tests/evidence
3830,devops,Open,Validate and implement with tests/evidence
3831,backend,Open,Validate and implement with tests/evidence
3832,frontend,Open,Validate and implement with tests/evidence
3833,voice_scan,Open,Validate and implement with tests/evidence
3834,prediction,Open,Validate and implement with tests/evidence
3835,medicine,Open,Validate and implement with tests/evidence
3836,rag,Open,Validate and implement with tests/evidence
3837,safety,Open,Validate and implement with tests/evidence
3838,security,Open,Validate and implement with tests/evidence
3839,data,Open,Validate and implement with tests/evidence
3840,devops,Open,Validate and implement with tests/evidence
3841,backend,Open,Validate and implement with tests/evidence
3842,frontend,Open,Validate and implement with tests/evidence
3843,voice_scan,Open,Validate and implement with tests/evidence
3844,prediction,Open,Validate and implement with tests/evidence
3845,medicine,Open,Validate and implement with tests/evidence
3846,rag,Open,Validate and implement with tests/evidence
3847,safety,Open,Validate and implement with tests/evidence
3848,security,Open,Validate and implement with tests/evidence
3849,data,Open,Validate and implement with tests/evidence
3850,devops,Open,Validate and implement with tests/evidence
3851,backend,Open,Validate and implement with tests/evidence
3852,frontend,Open,Validate and implement with tests/evidence
3853,voice_scan,Open,Validate and implement with tests/evidence
3854,prediction,Open,Validate and implement with tests/evidence
3855,medicine,Open,Validate and implement with tests/evidence
3856,rag,Open,Validate and implement with tests/evidence
3857,safety,Open,Validate and implement with tests/evidence
3858,security,Open,Validate and implement with tests/evidence
3859,data,Open,Validate and implement with tests/evidence
3860,devops,Open,Validate and implement with tests/evidence
3861,backend,Open,Validate and implement with tests/evidence
3862,frontend,Open,Validate and implement with tests/evidence
3863,voice_scan,Open,Validate and implement with tests/evidence
3864,prediction,Open,Validate and implement with tests/evidence
3865,medicine,Open,Validate and implement with tests/evidence
3866,rag,Open,Validate and implement with tests/evidence
3867,safety,Open,Validate and implement with tests/evidence
3868,security,Open,Validate and implement with tests/evidence
3869,data,Open,Validate and implement with tests/evidence
3870,devops,Open,Validate and implement with tests/evidence
3871,backend,Open,Validate and implement with tests/evidence
3872,frontend,Open,Validate and implement with tests/evidence
3873,voice_scan,Open,Validate and implement with tests/evidence
3874,prediction,Open,Validate and implement with tests/evidence
3875,medicine,Open,Validate and implement with tests/evidence
3876,rag,Open,Validate and implement with tests/evidence
3877,safety,Open,Validate and implement with tests/evidence
3878,security,Open,Validate and implement with tests/evidence
3879,data,Open,Validate and implement with tests/evidence
3880,devops,Open,Validate and implement with tests/evidence
3881,backend,Open,Validate and implement with tests/evidence
3882,frontend,Open,Validate and implement with tests/evidence
3883,voice_scan,Open,Validate and implement with tests/evidence
3884,prediction,Open,Validate and implement with tests/evidence
3885,medicine,Open,Validate and implement with tests/evidence
3886,rag,Open,Validate and implement with tests/evidence
3887,safety,Open,Validate and implement with tests/evidence
3888,security,Open,Validate and implement with tests/evidence
3889,data,Open,Validate and implement with tests/evidence
3890,devops,Open,Validate and implement with tests/evidence
3891,backend,Open,Validate and implement with tests/evidence
3892,frontend,Open,Validate and implement with tests/evidence
3893,voice_scan,Open,Validate and implement with tests/evidence
3894,prediction,Open,Validate and implement with tests/evidence
3895,medicine,Open,Validate and implement with tests/evidence
3896,rag,Open,Validate and implement with tests/evidence
3897,safety,Open,Validate and implement with tests/evidence
3898,security,Open,Validate and implement with tests/evidence
3899,data,Open,Validate and implement with tests/evidence
3900,devops,Open,Validate and implement with tests/evidence
3901,backend,Open,Validate and implement with tests/evidence
3902,frontend,Open,Validate and implement with tests/evidence
3903,voice_scan,Open,Validate and implement with tests/evidence
3904,prediction,Open,Validate and implement with tests/evidence
3905,medicine,Open,Validate and implement with tests/evidence
3906,rag,Open,Validate and implement with tests/evidence
3907,safety,Open,Validate and implement with tests/evidence
3908,security,Open,Validate and implement with tests/evidence
3909,data,Open,Validate and implement with tests/evidence
3910,devops,Open,Validate and implement with tests/evidence
3911,backend,Open,Validate and implement with tests/evidence
3912,frontend,Open,Validate and implement with tests/evidence
3913,voice_scan,Open,Validate and implement with tests/evidence
3914,prediction,Open,Validate and implement with tests/evidence
3915,medicine,Open,Validate and implement with tests/evidence
3916,rag,Open,Validate and implement with tests/evidence
3917,safety,Open,Validate and implement with tests/evidence
3918,security,Open,Validate and implement with tests/evidence
3919,data,Open,Validate and implement with tests/evidence
3920,devops,Open,Validate and implement with tests/evidence
3921,backend,Open,Validate and implement with tests/evidence
3922,frontend,Open,Validate and implement with tests/evidence
3923,voice_scan,Open,Validate and implement with tests/evidence
3924,prediction,Open,Validate and implement with tests/evidence
3925,medicine,Open,Validate and implement with tests/evidence
3926,rag,Open,Validate and implement with tests/evidence
3927,safety,Open,Validate and implement with tests/evidence
3928,security,Open,Validate and implement with tests/evidence
3929,data,Open,Validate and implement with tests/evidence
3930,devops,Open,Validate and implement with tests/evidence
3931,backend,Open,Validate and implement with tests/evidence
3932,frontend,Open,Validate and implement with tests/evidence
3933,voice_scan,Open,Validate and implement with tests/evidence
3934,prediction,Open,Validate and implement with tests/evidence
3935,medicine,Open,Validate and implement with tests/evidence
3936,rag,Open,Validate and implement with tests/evidence
3937,safety,Open,Validate and implement with tests/evidence
3938,security,Open,Validate and implement with tests/evidence
3939,data,Open,Validate and implement with tests/evidence
3940,devops,Open,Validate and implement with tests/evidence
3941,backend,Open,Validate and implement with tests/evidence
3942,frontend,Open,Validate and implement with tests/evidence
3943,voice_scan,Open,Validate and implement with tests/evidence
3944,prediction,Open,Validate and implement with tests/evidence
3945,medicine,Open,Validate and implement with tests/evidence
3946,rag,Open,Validate and implement with tests/evidence
3947,safety,Open,Validate and implement with tests/evidence
3948,security,Open,Validate and implement with tests/evidence
3949,data,Open,Validate and implement with tests/evidence
3950,devops,Open,Validate and implement with tests/evidence
3951,backend,Open,Validate and implement with tests/evidence
3952,frontend,Open,Validate and implement with tests/evidence
3953,voice_scan,Open,Validate and implement with tests/evidence
3954,prediction,Open,Validate and implement with tests/evidence
3955,medicine,Open,Validate and implement with tests/evidence
3956,rag,Open,Validate and implement with tests/evidence
3957,safety,Open,Validate and implement with tests/evidence
3958,security,Open,Validate and implement with tests/evidence
3959,data,Open,Validate and implement with tests/evidence
3960,devops,Open,Validate and implement with tests/evidence
3961,backend,Open,Validate and implement with tests/evidence
3962,frontend,Open,Validate and implement with tests/evidence
3963,voice_scan,Open,Validate and implement with tests/evidence
3964,prediction,Open,Validate and implement with tests/evidence
3965,medicine,Open,Validate and implement with tests/evidence
3966,rag,Open,Validate and implement with tests/evidence
3967,safety,Open,Validate and implement with tests/evidence
3968,security,Open,Validate and implement with tests/evidence
3969,data,Open,Validate and implement with tests/evidence
3970,devops,Open,Validate and implement with tests/evidence
3971,backend,Open,Validate and implement with tests/evidence
3972,frontend,Open,Validate and implement with tests/evidence
3973,voice_scan,Open,Validate and implement with tests/evidence
3974,prediction,Open,Validate and implement with tests/evidence
3975,medicine,Open,Validate and implement with tests/evidence
3976,rag,Open,Validate and implement with tests/evidence
3977,safety,Open,Validate and implement with tests/evidence
3978,security,Open,Validate and implement with tests/evidence
3979,data,Open,Validate and implement with tests/evidence
3980,devops,Open,Validate and implement with tests/evidence
3981,backend,Open,Validate and implement with tests/evidence
3982,frontend,Open,Validate and implement with tests/evidence
3983,voice_scan,Open,Validate and implement with tests/evidence
3984,prediction,Open,Validate and implement with tests/evidence
3985,medicine,Open,Validate and implement with tests/evidence
3986,rag,Open,Validate and implement with tests/evidence
3987,safety,Open,Validate and implement with tests/evidence
3988,security,Open,Validate and implement with tests/evidence
3989,data,Open,Validate and implement with tests/evidence
3990,devops,Open,Validate and implement with tests/evidence
3991,backend,Open,Validate and implement with tests/evidence
3992,frontend,Open,Validate and implement with tests/evidence
3993,voice_scan,Open,Validate and implement with tests/evidence
3994,prediction,Open,Validate and implement with tests/evidence
3995,medicine,Open,Validate and implement with tests/evidence
3996,rag,Open,Validate and implement with tests/evidence
3997,safety,Open,Validate and implement with tests/evidence
3998,security,Open,Validate and implement with tests/evidence
3999,data,Open,Validate and implement with tests/evidence
4000,devops,Open,Validate and implement with tests/evidence
4001,backend,Open,Validate and implement with tests/evidence
4002,frontend,Open,Validate and implement with tests/evidence
4003,voice_scan,Open,Validate and implement with tests/evidence
4004,prediction,Open,Validate and implement with tests/evidence
4005,medicine,Open,Validate and implement with tests/evidence
4006,rag,Open,Validate and implement with tests/evidence
4007,safety,Open,Validate and implement with tests/evidence
4008,security,Open,Validate and implement with tests/evidence
4009,data,Open,Validate and implement with tests/evidence
4010,devops,Open,Validate and implement with tests/evidence
4011,backend,Open,Validate and implement with tests/evidence
4012,frontend,Open,Validate and implement with tests/evidence
4013,voice_scan,Open,Validate and implement with tests/evidence
4014,prediction,Open,Validate and implement with tests/evidence
4015,medicine,Open,Validate and implement with tests/evidence
4016,rag,Open,Validate and implement with tests/evidence
4017,safety,Open,Validate and implement with tests/evidence
4018,security,Open,Validate and implement with tests/evidence
4019,data,Open,Validate and implement with tests/evidence
4020,devops,Open,Validate and implement with tests/evidence
4021,backend,Open,Validate and implement with tests/evidence
4022,frontend,Open,Validate and implement with tests/evidence
4023,voice_scan,Open,Validate and implement with tests/evidence
4024,prediction,Open,Validate and implement with tests/evidence
4025,medicine,Open,Validate and implement with tests/evidence
4026,rag,Open,Validate and implement with tests/evidence
4027,safety,Open,Validate and implement with tests/evidence
4028,security,Open,Validate and implement with tests/evidence
4029,data,Open,Validate and implement with tests/evidence
4030,devops,Open,Validate and implement with tests/evidence
4031,backend,Open,Validate and implement with tests/evidence
4032,frontend,Open,Validate and implement with tests/evidence
4033,voice_scan,Open,Validate and implement with tests/evidence
4034,prediction,Open,Validate and implement with tests/evidence
4035,medicine,Open,Validate and implement with tests/evidence
4036,rag,Open,Validate and implement with tests/evidence
4037,safety,Open,Validate and implement with tests/evidence
4038,security,Open,Validate and implement with tests/evidence
4039,data,Open,Validate and implement with tests/evidence
4040,devops,Open,Validate and implement with tests/evidence
4041,backend,Open,Validate and implement with tests/evidence
4042,frontend,Open,Validate and implement with tests/evidence
4043,voice_scan,Open,Validate and implement with tests/evidence
4044,prediction,Open,Validate and implement with tests/evidence
4045,medicine,Open,Validate and implement with tests/evidence
4046,rag,Open,Validate and implement with tests/evidence
4047,safety,Open,Validate and implement with tests/evidence
4048,security,Open,Validate and implement with tests/evidence
4049,data,Open,Validate and implement with tests/evidence
4050,devops,Open,Validate and implement with tests/evidence
4051,backend,Open,Validate and implement with tests/evidence
4052,frontend,Open,Validate and implement with tests/evidence
4053,voice_scan,Open,Validate and implement with tests/evidence
4054,prediction,Open,Validate and implement with tests/evidence
4055,medicine,Open,Validate and implement with tests/evidence
4056,rag,Open,Validate and implement with tests/evidence
4057,safety,Open,Validate and implement with tests/evidence
4058,security,Open,Validate and implement with tests/evidence
4059,data,Open,Validate and implement with tests/evidence
4060,devops,Open,Validate and implement with tests/evidence
4061,backend,Open,Validate and implement with tests/evidence
4062,frontend,Open,Validate and implement with tests/evidence
4063,voice_scan,Open,Validate and implement with tests/evidence
4064,prediction,Open,Validate and implement with tests/evidence
4065,medicine,Open,Validate and implement with tests/evidence
4066,rag,Open,Validate and implement with tests/evidence
4067,safety,Open,Validate and implement with tests/evidence
4068,security,Open,Validate and implement with tests/evidence
4069,data,Open,Validate and implement with tests/evidence
4070,devops,Open,Validate and implement with tests/evidence
4071,backend,Open,Validate and implement with tests/evidence
4072,frontend,Open,Validate and implement with tests/evidence
4073,voice_scan,Open,Validate and implement with tests/evidence
4074,prediction,Open,Validate and implement with tests/evidence
4075,medicine,Open,Validate and implement with tests/evidence
4076,rag,Open,Validate and implement with tests/evidence
4077,safety,Open,Validate and implement with tests/evidence
4078,security,Open,Validate and implement with tests/evidence
4079,data,Open,Validate and implement with tests/evidence
4080,devops,Open,Validate and implement with tests/evidence
4081,backend,Open,Validate and implement with tests/evidence
4082,frontend,Open,Validate and implement with tests/evidence
4083,voice_scan,Open,Validate and implement with tests/evidence
4084,prediction,Open,Validate and implement with tests/evidence
4085,medicine,Open,Validate and implement with tests/evidence
4086,rag,Open,Validate and implement with tests/evidence
4087,safety,Open,Validate and implement with tests/evidence
4088,security,Open,Validate and implement with tests/evidence
4089,data,Open,Validate and implement with tests/evidence
4090,devops,Open,Validate and implement with tests/evidence
4091,backend,Open,Validate and implement with tests/evidence
4092,frontend,Open,Validate and implement with tests/evidence
4093,voice_scan,Open,Validate and implement with tests/evidence
4094,prediction,Open,Validate and implement with tests/evidence
4095,medicine,Open,Validate and implement with tests/evidence
4096,rag,Open,Validate and implement with tests/evidence
4097,safety,Open,Validate and implement with tests/evidence
4098,security,Open,Validate and implement with tests/evidence
4099,data,Open,Validate and implement with tests/evidence
4100,devops,Open,Validate and implement with tests/evidence
4101,backend,Open,Validate and implement with tests/evidence
4102,frontend,Open,Validate and implement with tests/evidence
4103,voice_scan,Open,Validate and implement with tests/evidence
4104,prediction,Open,Validate and implement with tests/evidence
4105,medicine,Open,Validate and implement with tests/evidence
4106,rag,Open,Validate and implement with tests/evidence
4107,safety,Open,Validate and implement with tests/evidence
4108,security,Open,Validate and implement with tests/evidence
4109,data,Open,Validate and implement with tests/evidence
4110,devops,Open,Validate and implement with tests/evidence
4111,backend,Open,Validate and implement with tests/evidence
4112,frontend,Open,Validate and implement with tests/evidence
4113,voice_scan,Open,Validate and implement with tests/evidence
4114,prediction,Open,Validate and implement with tests/evidence
4115,medicine,Open,Validate and implement with tests/evidence
4116,rag,Open,Validate and implement with tests/evidence
4117,safety,Open,Validate and implement with tests/evidence
4118,security,Open,Validate and implement with tests/evidence
4119,data,Open,Validate and implement with tests/evidence
4120,devops,Open,Validate and implement with tests/evidence
4121,backend,Open,Validate and implement with tests/evidence
4122,frontend,Open,Validate and implement with tests/evidence
4123,voice_scan,Open,Validate and implement with tests/evidence
4124,prediction,Open,Validate and implement with tests/evidence
4125,medicine,Open,Validate and implement with tests/evidence
4126,rag,Open,Validate and implement with tests/evidence
4127,safety,Open,Validate and implement with tests/evidence
4128,security,Open,Validate and implement with tests/evidence
4129,data,Open,Validate and implement with tests/evidence
4130,devops,Open,Validate and implement with tests/evidence
4131,backend,Open,Validate and implement with tests/evidence
4132,frontend,Open,Validate and implement with tests/evidence
4133,voice_scan,Open,Validate and implement with tests/evidence
4134,prediction,Open,Validate and implement with tests/evidence
4135,medicine,Open,Validate and implement with tests/evidence
4136,rag,Open,Validate and implement with tests/evidence
4137,safety,Open,Validate and implement with tests/evidence
4138,security,Open,Validate and implement with tests/evidence
4139,data,Open,Validate and implement with tests/evidence
4140,devops,Open,Validate and implement with tests/evidence
4141,backend,Open,Validate and implement with tests/evidence
4142,frontend,Open,Validate and implement with tests/evidence
4143,voice_scan,Open,Validate and implement with tests/evidence
4144,prediction,Open,Validate and implement with tests/evidence
4145,medicine,Open,Validate and implement with tests/evidence
4146,rag,Open,Validate and implement with tests/evidence
4147,safety,Open,Validate and implement with tests/evidence
4148,security,Open,Validate and implement with tests/evidence
4149,data,Open,Validate and implement with tests/evidence
4150,devops,Open,Validate and implement with tests/evidence
4151,backend,Open,Validate and implement with tests/evidence
4152,frontend,Open,Validate and implement with tests/evidence
4153,voice_scan,Open,Validate and implement with tests/evidence
4154,prediction,Open,Validate and implement with tests/evidence
4155,medicine,Open,Validate and implement with tests/evidence
4156,rag,Open,Validate and implement with tests/evidence
4157,safety,Open,Validate and implement with tests/evidence
4158,security,Open,Validate and implement with tests/evidence
4159,data,Open,Validate and implement with tests/evidence
4160,devops,Open,Validate and implement with tests/evidence
4161,backend,Open,Validate and implement with tests/evidence
4162,frontend,Open,Validate and implement with tests/evidence
4163,voice_scan,Open,Validate and implement with tests/evidence
4164,prediction,Open,Validate and implement with tests/evidence
4165,medicine,Open,Validate and implement with tests/evidence
4166,rag,Open,Validate and implement with tests/evidence
4167,safety,Open,Validate and implement with tests/evidence
4168,security,Open,Validate and implement with tests/evidence
4169,data,Open,Validate and implement with tests/evidence
4170,devops,Open,Validate and implement with tests/evidence
4171,backend,Open,Validate and implement with tests/evidence
4172,frontend,Open,Validate and implement with tests/evidence
4173,voice_scan,Open,Validate and implement with tests/evidence
4174,prediction,Open,Validate and implement with tests/evidence
4175,medicine,Open,Validate and implement with tests/evidence
4176,rag,Open,Validate and implement with tests/evidence
4177,safety,Open,Validate and implement with tests/evidence
4178,security,Open,Validate and implement with tests/evidence
4179,data,Open,Validate and implement with tests/evidence
4180,devops,Open,Validate and implement with tests/evidence
4181,backend,Open,Validate and implement with tests/evidence
4182,frontend,Open,Validate and implement with tests/evidence
4183,voice_scan,Open,Validate and implement with tests/evidence
4184,prediction,Open,Validate and implement with tests/evidence
4185,medicine,Open,Validate and implement with tests/evidence
4186,rag,Open,Validate and implement with tests/evidence
4187,safety,Open,Validate and implement with tests/evidence
4188,security,Open,Validate and implement with tests/evidence
4189,data,Open,Validate and implement with tests/evidence
4190,devops,Open,Validate and implement with tests/evidence
4191,backend,Open,Validate and implement with tests/evidence
4192,frontend,Open,Validate and implement with tests/evidence
4193,voice_scan,Open,Validate and implement with tests/evidence
4194,prediction,Open,Validate and implement with tests/evidence
4195,medicine,Open,Validate and implement with tests/evidence
4196,rag,Open,Validate and implement with tests/evidence
4197,safety,Open,Validate and implement with tests/evidence
4198,security,Open,Validate and implement with tests/evidence
4199,data,Open,Validate and implement with tests/evidence
4200,devops,Open,Validate and implement with tests/evidence
4201,backend,Open,Validate and implement with tests/evidence
4202,frontend,Open,Validate and implement with tests/evidence
4203,voice_scan,Open,Validate and implement with tests/evidence
4204,prediction,Open,Validate and implement with tests/evidence
4205,medicine,Open,Validate and implement with tests/evidence
4206,rag,Open,Validate and implement with tests/evidence
4207,safety,Open,Validate and implement with tests/evidence
4208,security,Open,Validate and implement with tests/evidence
4209,data,Open,Validate and implement with tests/evidence
4210,devops,Open,Validate and implement with tests/evidence
4211,backend,Open,Validate and implement with tests/evidence
4212,frontend,Open,Validate and implement with tests/evidence
4213,voice_scan,Open,Validate and implement with tests/evidence
4214,prediction,Open,Validate and implement with tests/evidence
4215,medicine,Open,Validate and implement with tests/evidence
4216,rag,Open,Validate and implement with tests/evidence
4217,safety,Open,Validate and implement with tests/evidence
4218,security,Open,Validate and implement with tests/evidence
4219,data,Open,Validate and implement with tests/evidence
4220,devops,Open,Validate and implement with tests/evidence
4221,backend,Open,Validate and implement with tests/evidence
4222,frontend,Open,Validate and implement with tests/evidence
4223,voice_scan,Open,Validate and implement with tests/evidence
4224,prediction,Open,Validate and implement with tests/evidence
4225,medicine,Open,Validate and implement with tests/evidence
4226,rag,Open,Validate and implement with tests/evidence
4227,safety,Open,Validate and implement with tests/evidence
4228,security,Open,Validate and implement with tests/evidence
4229,data,Open,Validate and implement with tests/evidence
4230,devops,Open,Validate and implement with tests/evidence
4231,backend,Open,Validate and implement with tests/evidence
4232,frontend,Open,Validate and implement with tests/evidence
4233,voice_scan,Open,Validate and implement with tests/evidence
4234,prediction,Open,Validate and implement with tests/evidence
4235,medicine,Open,Validate and implement with tests/evidence
4236,rag,Open,Validate and implement with tests/evidence
4237,safety,Open,Validate and implement with tests/evidence
4238,security,Open,Validate and implement with tests/evidence
4239,data,Open,Validate and implement with tests/evidence
4240,devops,Open,Validate and implement with tests/evidence
4241,backend,Open,Validate and implement with tests/evidence
4242,frontend,Open,Validate and implement with tests/evidence
4243,voice_scan,Open,Validate and implement with tests/evidence
4244,prediction,Open,Validate and implement with tests/evidence
4245,medicine,Open,Validate and implement with tests/evidence
4246,rag,Open,Validate and implement with tests/evidence
4247,safety,Open,Validate and implement with tests/evidence
4248,security,Open,Validate and implement with tests/evidence
4249,data,Open,Validate and implement with tests/evidence
4250,devops,Open,Validate and implement with tests/evidence
4251,backend,Open,Validate and implement with tests/evidence
4252,frontend,Open,Validate and implement with tests/evidence
4253,voice_scan,Open,Validate and implement with tests/evidence
4254,prediction,Open,Validate and implement with tests/evidence
4255,medicine,Open,Validate and implement with tests/evidence
4256,rag,Open,Validate and implement with tests/evidence
4257,safety,Open,Validate and implement with tests/evidence
4258,security,Open,Validate and implement with tests/evidence
4259,data,Open,Validate and implement with tests/evidence
4260,devops,Open,Validate and implement with tests/evidence
4261,backend,Open,Validate and implement with tests/evidence
4262,frontend,Open,Validate and implement with tests/evidence
4263,voice_scan,Open,Validate and implement with tests/evidence
4264,prediction,Open,Validate and implement with tests/evidence
4265,medicine,Open,Validate and implement with tests/evidence
4266,rag,Open,Validate and implement with tests/evidence
4267,safety,Open,Validate and implement with tests/evidence
4268,security,Open,Validate and implement with tests/evidence
4269,data,Open,Validate and implement with tests/evidence
4270,devops,Open,Validate and implement with tests/evidence
4271,backend,Open,Validate and implement with tests/evidence
4272,frontend,Open,Validate and implement with tests/evidence
4273,voice_scan,Open,Validate and implement with tests/evidence
4274,prediction,Open,Validate and implement with tests/evidence
4275,medicine,Open,Validate and implement with tests/evidence
4276,rag,Open,Validate and implement with tests/evidence
4277,safety,Open,Validate and implement with tests/evidence
4278,security,Open,Validate and implement with tests/evidence
4279,data,Open,Validate and implement with tests/evidence
4280,devops,Open,Validate and implement with tests/evidence
4281,backend,Open,Validate and implement with tests/evidence
4282,frontend,Open,Validate and implement with tests/evidence
4283,voice_scan,Open,Validate and implement with tests/evidence
4284,prediction,Open,Validate and implement with tests/evidence
4285,medicine,Open,Validate and implement with tests/evidence
4286,rag,Open,Validate and implement with tests/evidence
4287,safety,Open,Validate and implement with tests/evidence
4288,security,Open,Validate and implement with tests/evidence
4289,data,Open,Validate and implement with tests/evidence
4290,devops,Open,Validate and implement with tests/evidence
4291,backend,Open,Validate and implement with tests/evidence
4292,frontend,Open,Validate and implement with tests/evidence
4293,voice_scan,Open,Validate and implement with tests/evidence
4294,prediction,Open,Validate and implement with tests/evidence
4295,medicine,Open,Validate and implement with tests/evidence
4296,rag,Open,Validate and implement with tests/evidence
4297,safety,Open,Validate and implement with tests/evidence
4298,security,Open,Validate and implement with tests/evidence
4299,data,Open,Validate and implement with tests/evidence
4300,devops,Open,Validate and implement with tests/evidence
4301,backend,Open,Validate and implement with tests/evidence
4302,frontend,Open,Validate and implement with tests/evidence
4303,voice_scan,Open,Validate and implement with tests/evidence
4304,prediction,Open,Validate and implement with tests/evidence
4305,medicine,Open,Validate and implement with tests/evidence
4306,rag,Open,Validate and implement with tests/evidence
4307,safety,Open,Validate and implement with tests/evidence
4308,security,Open,Validate and implement with tests/evidence
4309,data,Open,Validate and implement with tests/evidence
4310,devops,Open,Validate and implement with tests/evidence
4311,backend,Open,Validate and implement with tests/evidence
4312,frontend,Open,Validate and implement with tests/evidence
4313,voice_scan,Open,Validate and implement with tests/evidence
4314,prediction,Open,Validate and implement with tests/evidence
4315,medicine,Open,Validate and implement with tests/evidence
4316,rag,Open,Validate and implement with tests/evidence
4317,safety,Open,Validate and implement with tests/evidence
4318,security,Open,Validate and implement with tests/evidence
4319,data,Open,Validate and implement with tests/evidence
4320,devops,Open,Validate and implement with tests/evidence
4321,backend,Open,Validate and implement with tests/evidence
4322,frontend,Open,Validate and implement with tests/evidence
4323,voice_scan,Open,Validate and implement with tests/evidence
4324,prediction,Open,Validate and implement with tests/evidence
4325,medicine,Open,Validate and implement with tests/evidence
4326,rag,Open,Validate and implement with tests/evidence
4327,safety,Open,Validate and implement with tests/evidence
4328,security,Open,Validate and implement with tests/evidence
4329,data,Open,Validate and implement with tests/evidence
4330,devops,Open,Validate and implement with tests/evidence
4331,backend,Open,Validate and implement with tests/evidence
4332,frontend,Open,Validate and implement with tests/evidence
4333,voice_scan,Open,Validate and implement with tests/evidence
4334,prediction,Open,Validate and implement with tests/evidence
4335,medicine,Open,Validate and implement with tests/evidence
4336,rag,Open,Validate and implement with tests/evidence
4337,safety,Open,Validate and implement with tests/evidence
4338,security,Open,Validate and implement with tests/evidence
4339,data,Open,Validate and implement with tests/evidence
4340,devops,Open,Validate and implement with tests/evidence
4341,backend,Open,Validate and implement with tests/evidence
4342,frontend,Open,Validate and implement with tests/evidence
4343,voice_scan,Open,Validate and implement with tests/evidence
4344,prediction,Open,Validate and implement with tests/evidence
4345,medicine,Open,Validate and implement with tests/evidence
4346,rag,Open,Validate and implement with tests/evidence
4347,safety,Open,Validate and implement with tests/evidence
4348,security,Open,Validate and implement with tests/evidence
4349,data,Open,Validate and implement with tests/evidence
4350,devops,Open,Validate and implement with tests/evidence
4351,backend,Open,Validate and implement with tests/evidence
4352,frontend,Open,Validate and implement with tests/evidence
4353,voice_scan,Open,Validate and implement with tests/evidence
4354,prediction,Open,Validate and implement with tests/evidence
4355,medicine,Open,Validate and implement with tests/evidence
4356,rag,Open,Validate and implement with tests/evidence
4357,safety,Open,Validate and implement with tests/evidence
4358,security,Open,Validate and implement with tests/evidence
4359,data,Open,Validate and implement with tests/evidence
4360,devops,Open,Validate and implement with tests/evidence
4361,backend,Open,Validate and implement with tests/evidence
4362,frontend,Open,Validate and implement with tests/evidence
4363,voice_scan,Open,Validate and implement with tests/evidence
4364,prediction,Open,Validate and implement with tests/evidence
4365,medicine,Open,Validate and implement with tests/evidence
4366,rag,Open,Validate and implement with tests/evidence
4367,safety,Open,Validate and implement with tests/evidence
4368,security,Open,Validate and implement with tests/evidence
4369,data,Open,Validate and implement with tests/evidence
4370,devops,Open,Validate and implement with tests/evidence
4371,backend,Open,Validate and implement with tests/evidence
4372,frontend,Open,Validate and implement with tests/evidence
4373,voice_scan,Open,Validate and implement with tests/evidence
4374,prediction,Open,Validate and implement with tests/evidence
4375,medicine,Open,Validate and implement with tests/evidence
4376,rag,Open,Validate and implement with tests/evidence
4377,safety,Open,Validate and implement with tests/evidence
4378,security,Open,Validate and implement with tests/evidence
4379,data,Open,Validate and implement with tests/evidence
4380,devops,Open,Validate and implement with tests/evidence
4381,backend,Open,Validate and implement with tests/evidence
4382,frontend,Open,Validate and implement with tests/evidence
4383,voice_scan,Open,Validate and implement with tests/evidence
4384,prediction,Open,Validate and implement with tests/evidence
4385,medicine,Open,Validate and implement with tests/evidence
4386,rag,Open,Validate and implement with tests/evidence
4387,safety,Open,Validate and implement with tests/evidence
4388,security,Open,Validate and implement with tests/evidence
4389,data,Open,Validate and implement with tests/evidence
4390,devops,Open,Validate and implement with tests/evidence
4391,backend,Open,Validate and implement with tests/evidence
4392,frontend,Open,Validate and implement with tests/evidence
4393,voice_scan,Open,Validate and implement with tests/evidence
4394,prediction,Open,Validate and implement with tests/evidence
4395,medicine,Open,Validate and implement with tests/evidence
4396,rag,Open,Validate and implement with tests/evidence
4397,safety,Open,Validate and implement with tests/evidence
4398,security,Open,Validate and implement with tests/evidence
4399,data,Open,Validate and implement with tests/evidence
4400,devops,Open,Validate and implement with tests/evidence
4401,backend,Open,Validate and implement with tests/evidence
4402,frontend,Open,Validate and implement with tests/evidence
4403,voice_scan,Open,Validate and implement with tests/evidence
4404,prediction,Open,Validate and implement with tests/evidence
4405,medicine,Open,Validate and implement with tests/evidence
4406,rag,Open,Validate and implement with tests/evidence
4407,safety,Open,Validate and implement with tests/evidence
4408,security,Open,Validate and implement with tests/evidence
4409,data,Open,Validate and implement with tests/evidence
4410,devops,Open,Validate and implement with tests/evidence
4411,backend,Open,Validate and implement with tests/evidence
4412,frontend,Open,Validate and implement with tests/evidence
4413,voice_scan,Open,Validate and implement with tests/evidence
4414,prediction,Open,Validate and implement with tests/evidence
4415,medicine,Open,Validate and implement with tests/evidence
4416,rag,Open,Validate and implement with tests/evidence
4417,safety,Open,Validate and implement with tests/evidence
4418,security,Open,Validate and implement with tests/evidence
4419,data,Open,Validate and implement with tests/evidence
4420,devops,Open,Validate and implement with tests/evidence
4421,backend,Open,Validate and implement with tests/evidence
4422,frontend,Open,Validate and implement with tests/evidence
4423,voice_scan,Open,Validate and implement with tests/evidence
4424,prediction,Open,Validate and implement with tests/evidence
4425,medicine,Open,Validate and implement with tests/evidence
4426,rag,Open,Validate and implement with tests/evidence
4427,safety,Open,Validate and implement with tests/evidence
4428,security,Open,Validate and implement with tests/evidence
4429,data,Open,Validate and implement with tests/evidence
4430,devops,Open,Validate and implement with tests/evidence
4431,backend,Open,Validate and implement with tests/evidence
4432,frontend,Open,Validate and implement with tests/evidence
4433,voice_scan,Open,Validate and implement with tests/evidence
4434,prediction,Open,Validate and implement with tests/evidence
4435,medicine,Open,Validate and implement with tests/evidence
4436,rag,Open,Validate and implement with tests/evidence
4437,safety,Open,Validate and implement with tests/evidence
4438,security,Open,Validate and implement with tests/evidence
4439,data,Open,Validate and implement with tests/evidence
4440,devops,Open,Validate and implement with tests/evidence
4441,backend,Open,Validate and implement with tests/evidence
4442,frontend,Open,Validate and implement with tests/evidence
4443,voice_scan,Open,Validate and implement with tests/evidence
4444,prediction,Open,Validate and implement with tests/evidence
4445,medicine,Open,Validate and implement with tests/evidence
4446,rag,Open,Validate and implement with tests/evidence
4447,safety,Open,Validate and implement with tests/evidence
4448,security,Open,Validate and implement with tests/evidence
4449,data,Open,Validate and implement with tests/evidence
4450,devops,Open,Validate and implement with tests/evidence
4451,backend,Open,Validate and implement with tests/evidence
4452,frontend,Open,Validate and implement with tests/evidence
4453,voice_scan,Open,Validate and implement with tests/evidence
4454,prediction,Open,Validate and implement with tests/evidence
4455,medicine,Open,Validate and implement with tests/evidence
4456,rag,Open,Validate and implement with tests/evidence
4457,safety,Open,Validate and implement with tests/evidence
4458,security,Open,Validate and implement with tests/evidence
4459,data,Open,Validate and implement with tests/evidence
4460,devops,Open,Validate and implement with tests/evidence
4461,backend,Open,Validate and implement with tests/evidence
4462,frontend,Open,Validate and implement with tests/evidence
4463,voice_scan,Open,Validate and implement with tests/evidence
4464,prediction,Open,Validate and implement with tests/evidence
4465,medicine,Open,Validate and implement with tests/evidence
4466,rag,Open,Validate and implement with tests/evidence
4467,safety,Open,Validate and implement with tests/evidence
4468,security,Open,Validate and implement with tests/evidence
4469,data,Open,Validate and implement with tests/evidence
4470,devops,Open,Validate and implement with tests/evidence
4471,backend,Open,Validate and implement with tests/evidence
4472,frontend,Open,Validate and implement with tests/evidence
4473,voice_scan,Open,Validate and implement with tests/evidence
4474,prediction,Open,Validate and implement with tests/evidence
4475,medicine,Open,Validate and implement with tests/evidence
4476,rag,Open,Validate and implement with tests/evidence
4477,safety,Open,Validate and implement with tests/evidence
4478,security,Open,Validate and implement with tests/evidence
4479,data,Open,Validate and implement with tests/evidence
4480,devops,Open,Validate and implement with tests/evidence
4481,backend,Open,Validate and implement with tests/evidence
4482,frontend,Open,Validate and implement with tests/evidence
4483,voice_scan,Open,Validate and implement with tests/evidence
4484,prediction,Open,Validate and implement with tests/evidence
4485,medicine,Open,Validate and implement with tests/evidence
4486,rag,Open,Validate and implement with tests/evidence
4487,safety,Open,Validate and implement with tests/evidence
4488,security,Open,Validate and implement with tests/evidence
4489,data,Open,Validate and implement with tests/evidence
4490,devops,Open,Validate and implement with tests/evidence
4491,backend,Open,Validate and implement with tests/evidence
4492,frontend,Open,Validate and implement with tests/evidence
4493,voice_scan,Open,Validate and implement with tests/evidence
4494,prediction,Open,Validate and implement with tests/evidence
4495,medicine,Open,Validate and implement with tests/evidence
4496,rag,Open,Validate and implement with tests/evidence
4497,safety,Open,Validate and implement with tests/evidence
4498,security,Open,Validate and implement with tests/evidence
4499,data,Open,Validate and implement with tests/evidence
4500,devops,Open,Validate and implement with tests/evidence
4501,backend,Open,Validate and implement with tests/evidence
4502,frontend,Open,Validate and implement with tests/evidence
4503,voice_scan,Open,Validate and implement with tests/evidence
4504,prediction,Open,Validate and implement with tests/evidence
4505,medicine,Open,Validate and implement with tests/evidence
4506,rag,Open,Validate and implement with tests/evidence
4507,safety,Open,Validate and implement with tests/evidence
4508,security,Open,Validate and implement with tests/evidence
4509,data,Open,Validate and implement with tests/evidence
4510,devops,Open,Validate and implement with tests/evidence
4511,backend,Open,Validate and implement with tests/evidence
4512,frontend,Open,Validate and implement with tests/evidence
4513,voice_scan,Open,Validate and implement with tests/evidence
4514,prediction,Open,Validate and implement with tests/evidence
4515,medicine,Open,Validate and implement with tests/evidence
4516,rag,Open,Validate and implement with tests/evidence
4517,safety,Open,Validate and implement with tests/evidence
4518,security,Open,Validate and implement with tests/evidence
4519,data,Open,Validate and implement with tests/evidence
4520,devops,Open,Validate and implement with tests/evidence
4521,backend,Open,Validate and implement with tests/evidence
4522,frontend,Open,Validate and implement with tests/evidence
4523,voice_scan,Open,Validate and implement with tests/evidence
4524,prediction,Open,Validate and implement with tests/evidence
4525,medicine,Open,Validate and implement with tests/evidence
4526,rag,Open,Validate and implement with tests/evidence
4527,safety,Open,Validate and implement with tests/evidence
4528,security,Open,Validate and implement with tests/evidence
4529,data,Open,Validate and implement with tests/evidence
4530,devops,Open,Validate and implement with tests/evidence
4531,backend,Open,Validate and implement with tests/evidence
4532,frontend,Open,Validate and implement with tests/evidence
4533,voice_scan,Open,Validate and implement with tests/evidence
4534,prediction,Open,Validate and implement with tests/evidence
4535,medicine,Open,Validate and implement with tests/evidence
4536,rag,Open,Validate and implement with tests/evidence
4537,safety,Open,Validate and implement with tests/evidence
4538,security,Open,Validate and implement with tests/evidence
4539,data,Open,Validate and implement with tests/evidence
4540,devops,Open,Validate and implement with tests/evidence
4541,backend,Open,Validate and implement with tests/evidence
4542,frontend,Open,Validate and implement with tests/evidence
4543,voice_scan,Open,Validate and implement with tests/evidence
4544,prediction,Open,Validate and implement with tests/evidence
4545,medicine,Open,Validate and implement with tests/evidence
4546,rag,Open,Validate and implement with tests/evidence
4547,safety,Open,Validate and implement with tests/evidence
4548,security,Open,Validate and implement with tests/evidence
4549,data,Open,Validate and implement with tests/evidence
4550,devops,Open,Validate and implement with tests/evidence
4551,backend,Open,Validate and implement with tests/evidence
4552,frontend,Open,Validate and implement with tests/evidence
4553,voice_scan,Open,Validate and implement with tests/evidence
4554,prediction,Open,Validate and implement with tests/evidence
4555,medicine,Open,Validate and implement with tests/evidence
4556,rag,Open,Validate and implement with tests/evidence
4557,safety,Open,Validate and implement with tests/evidence
4558,security,Open,Validate and implement with tests/evidence
4559,data,Open,Validate and implement with tests/evidence
4560,devops,Open,Validate and implement with tests/evidence
4561,backend,Open,Validate and implement with tests/evidence
4562,frontend,Open,Validate and implement with tests/evidence
4563,voice_scan,Open,Validate and implement with tests/evidence
4564,prediction,Open,Validate and implement with tests/evidence
4565,medicine,Open,Validate and implement with tests/evidence
4566,rag,Open,Validate and implement with tests/evidence
4567,safety,Open,Validate and implement with tests/evidence
4568,security,Open,Validate and implement with tests/evidence
4569,data,Open,Validate and implement with tests/evidence
4570,devops,Open,Validate and implement with tests/evidence
4571,backend,Open,Validate and implement with tests/evidence
4572,frontend,Open,Validate and implement with tests/evidence
4573,voice_scan,Open,Validate and implement with tests/evidence
4574,prediction,Open,Validate and implement with tests/evidence
4575,medicine,Open,Validate and implement with tests/evidence
4576,rag,Open,Validate and implement with tests/evidence
4577,safety,Open,Validate and implement with tests/evidence
4578,security,Open,Validate and implement with tests/evidence
4579,data,Open,Validate and implement with tests/evidence
4580,devops,Open,Validate and implement with tests/evidence
4581,backend,Open,Validate and implement with tests/evidence
4582,frontend,Open,Validate and implement with tests/evidence
4583,voice_scan,Open,Validate and implement with tests/evidence
4584,prediction,Open,Validate and implement with tests/evidence
4585,medicine,Open,Validate and implement with tests/evidence
4586,rag,Open,Validate and implement with tests/evidence
4587,safety,Open,Validate and implement with tests/evidence
4588,security,Open,Validate and implement with tests/evidence
4589,data,Open,Validate and implement with tests/evidence
4590,devops,Open,Validate and implement with tests/evidence
4591,backend,Open,Validate and implement with tests/evidence
4592,frontend,Open,Validate and implement with tests/evidence
4593,voice_scan,Open,Validate and implement with tests/evidence
4594,prediction,Open,Validate and implement with tests/evidence
4595,medicine,Open,Validate and implement with tests/evidence
4596,rag,Open,Validate and implement with tests/evidence
4597,safety,Open,Validate and implement with tests/evidence
4598,security,Open,Validate and implement with tests/evidence
4599,data,Open,Validate and implement with tests/evidence
4600,devops,Open,Validate and implement with tests/evidence
4601,backend,Open,Validate and implement with tests/evidence
4602,frontend,Open,Validate and implement with tests/evidence
4603,voice_scan,Open,Validate and implement with tests/evidence
4604,prediction,Open,Validate and implement with tests/evidence
4605,medicine,Open,Validate and implement with tests/evidence
4606,rag,Open,Validate and implement with tests/evidence
4607,safety,Open,Validate and implement with tests/evidence
4608,security,Open,Validate and implement with tests/evidence
4609,data,Open,Validate and implement with tests/evidence
4610,devops,Open,Validate and implement with tests/evidence
4611,backend,Open,Validate and implement with tests/evidence
4612,frontend,Open,Validate and implement with tests/evidence
4613,voice_scan,Open,Validate and implement with tests/evidence
4614,prediction,Open,Validate and implement with tests/evidence
4615,medicine,Open,Validate and implement with tests/evidence
4616,rag,Open,Validate and implement with tests/evidence
4617,safety,Open,Validate and implement with tests/evidence
4618,security,Open,Validate and implement with tests/evidence
4619,data,Open,Validate and implement with tests/evidence
4620,devops,Open,Validate and implement with tests/evidence
4621,backend,Open,Validate and implement with tests/evidence
4622,frontend,Open,Validate and implement with tests/evidence
4623,voice_scan,Open,Validate and implement with tests/evidence
4624,prediction,Open,Validate and implement with tests/evidence
4625,medicine,Open,Validate and implement with tests/evidence
4626,rag,Open,Validate and implement with tests/evidence
4627,safety,Open,Validate and implement with tests/evidence
4628,security,Open,Validate and implement with tests/evidence
4629,data,Open,Validate and implement with tests/evidence
4630,devops,Open,Validate and implement with tests/evidence
4631,backend,Open,Validate and implement with tests/evidence
4632,frontend,Open,Validate and implement with tests/evidence
4633,voice_scan,Open,Validate and implement with tests/evidence
4634,prediction,Open,Validate and implement with tests/evidence
4635,medicine,Open,Validate and implement with tests/evidence
4636,rag,Open,Validate and implement with tests/evidence
4637,safety,Open,Validate and implement with tests/evidence
4638,security,Open,Validate and implement with tests/evidence
4639,data,Open,Validate and implement with tests/evidence
4640,devops,Open,Validate and implement with tests/evidence
4641,backend,Open,Validate and implement with tests/evidence
4642,frontend,Open,Validate and implement with tests/evidence
4643,voice_scan,Open,Validate and implement with tests/evidence
4644,prediction,Open,Validate and implement with tests/evidence
4645,medicine,Open,Validate and implement with tests/evidence
4646,rag,Open,Validate and implement with tests/evidence
4647,safety,Open,Validate and implement with tests/evidence
4648,security,Open,Validate and implement with tests/evidence
4649,data,Open,Validate and implement with tests/evidence
4650,devops,Open,Validate and implement with tests/evidence
4651,backend,Open,Validate and implement with tests/evidence
4652,frontend,Open,Validate and implement with tests/evidence
4653,voice_scan,Open,Validate and implement with tests/evidence
4654,prediction,Open,Validate and implement with tests/evidence
4655,medicine,Open,Validate and implement with tests/evidence
4656,rag,Open,Validate and implement with tests/evidence
4657,safety,Open,Validate and implement with tests/evidence
4658,security,Open,Validate and implement with tests/evidence
4659,data,Open,Validate and implement with tests/evidence
4660,devops,Open,Validate and implement with tests/evidence
4661,backend,Open,Validate and implement with tests/evidence
4662,frontend,Open,Validate and implement with tests/evidence
4663,voice_scan,Open,Validate and implement with tests/evidence
4664,prediction,Open,Validate and implement with tests/evidence
4665,medicine,Open,Validate and implement with tests/evidence
4666,rag,Open,Validate and implement with tests/evidence
4667,safety,Open,Validate and implement with tests/evidence
4668,security,Open,Validate and implement with tests/evidence
4669,data,Open,Validate and implement with tests/evidence
4670,devops,Open,Validate and implement with tests/evidence
4671,backend,Open,Validate and implement with tests/evidence
4672,frontend,Open,Validate and implement with tests/evidence
4673,voice_scan,Open,Validate and implement with tests/evidence
4674,prediction,Open,Validate and implement with tests/evidence
4675,medicine,Open,Validate and implement with tests/evidence
4676,rag,Open,Validate and implement with tests/evidence
4677,safety,Open,Validate and implement with tests/evidence
4678,security,Open,Validate and implement with tests/evidence
4679,data,Open,Validate and implement with tests/evidence
4680,devops,Open,Validate and implement with tests/evidence
4681,backend,Open,Validate and implement with tests/evidence
4682,frontend,Open,Validate and implement with tests/evidence
4683,voice_scan,Open,Validate and implement with tests/evidence
4684,prediction,Open,Validate and implement with tests/evidence
4685,medicine,Open,Validate and implement with tests/evidence
4686,rag,Open,Validate and implement with tests/evidence
4687,safety,Open,Validate and implement with tests/evidence
4688,security,Open,Validate and implement with tests/evidence
4689,data,Open,Validate and implement with tests/evidence
4690,devops,Open,Validate and implement with tests/evidence
4691,backend,Open,Validate and implement with tests/evidence
4692,frontend,Open,Validate and implement with tests/evidence
4693,voice_scan,Open,Validate and implement with tests/evidence
4694,prediction,Open,Validate and implement with tests/evidence
4695,medicine,Open,Validate and implement with tests/evidence
4696,rag,Open,Validate and implement with tests/evidence
4697,safety,Open,Validate and implement with tests/evidence
4698,security,Open,Validate and implement with tests/evidence
4699,data,Open,Validate and implement with tests/evidence
4700,devops,Open,Validate and implement with tests/evidence
4701,backend,Open,Validate and implement with tests/evidence
4702,frontend,Open,Validate and implement with tests/evidence
4703,voice_scan,Open,Validate and implement with tests/evidence
4704,prediction,Open,Validate and implement with tests/evidence
4705,medicine,Open,Validate and implement with tests/evidence
4706,rag,Open,Validate and implement with tests/evidence
4707,safety,Open,Validate and implement with tests/evidence
4708,security,Open,Validate and implement with tests/evidence
4709,data,Open,Validate and implement with tests/evidence
4710,devops,Open,Validate and implement with tests/evidence
4711,backend,Open,Validate and implement with tests/evidence
4712,frontend,Open,Validate and implement with tests/evidence
4713,voice_scan,Open,Validate and implement with tests/evidence
4714,prediction,Open,Validate and implement with tests/evidence
4715,medicine,Open,Validate and implement with tests/evidence
4716,rag,Open,Validate and implement with tests/evidence
4717,safety,Open,Validate and implement with tests/evidence
4718,security,Open,Validate and implement with tests/evidence
4719,data,Open,Validate and implement with tests/evidence
4720,devops,Open,Validate and implement with tests/evidence
4721,backend,Open,Validate and implement with tests/evidence
4722,frontend,Open,Validate and implement with tests/evidence
4723,voice_scan,Open,Validate and implement with tests/evidence
4724,prediction,Open,Validate and implement with tests/evidence
4725,medicine,Open,Validate and implement with tests/evidence
4726,rag,Open,Validate and implement with tests/evidence
4727,safety,Open,Validate and implement with tests/evidence
4728,security,Open,Validate and implement with tests/evidence
4729,data,Open,Validate and implement with tests/evidence
4730,devops,Open,Validate and implement with tests/evidence
4731,backend,Open,Validate and implement with tests/evidence
4732,frontend,Open,Validate and implement with tests/evidence
4733,voice_scan,Open,Validate and implement with tests/evidence
4734,prediction,Open,Validate and implement with tests/evidence
4735,medicine,Open,Validate and implement with tests/evidence
4736,rag,Open,Validate and implement with tests/evidence
4737,safety,Open,Validate and implement with tests/evidence
4738,security,Open,Validate and implement with tests/evidence
4739,data,Open,Validate and implement with tests/evidence
4740,devops,Open,Validate and implement with tests/evidence
4741,backend,Open,Validate and implement with tests/evidence
4742,frontend,Open,Validate and implement with tests/evidence
4743,voice_scan,Open,Validate and implement with tests/evidence
4744,prediction,Open,Validate and implement with tests/evidence
4745,medicine,Open,Validate and implement with tests/evidence
4746,rag,Open,Validate and implement with tests/evidence
4747,safety,Open,Validate and implement with tests/evidence
4748,security,Open,Validate and implement with tests/evidence
4749,data,Open,Validate and implement with tests/evidence
4750,devops,Open,Validate and implement with tests/evidence
4751,backend,Open,Validate and implement with tests/evidence
4752,frontend,Open,Validate and implement with tests/evidence
4753,voice_scan,Open,Validate and implement with tests/evidence
4754,prediction,Open,Validate and implement with tests/evidence
4755,medicine,Open,Validate and implement with tests/evidence
4756,rag,Open,Validate and implement with tests/evidence
4757,safety,Open,Validate and implement with tests/evidence
4758,security,Open,Validate and implement with tests/evidence
4759,data,Open,Validate and implement with tests/evidence
4760,devops,Open,Validate and implement with tests/evidence
4761,backend,Open,Validate and implement with tests/evidence
4762,frontend,Open,Validate and implement with tests/evidence
4763,voice_scan,Open,Validate and implement with tests/evidence
4764,prediction,Open,Validate and implement with tests/evidence
4765,medicine,Open,Validate and implement with tests/evidence
4766,rag,Open,Validate and implement with tests/evidence
4767,safety,Open,Validate and implement with tests/evidence
4768,security,Open,Validate and implement with tests/evidence
4769,data,Open,Validate and implement with tests/evidence
4770,devops,Open,Validate and implement with tests/evidence
4771,backend,Open,Validate and implement with tests/evidence
4772,frontend,Open,Validate and implement with tests/evidence
4773,voice_scan,Open,Validate and implement with tests/evidence
4774,prediction,Open,Validate and implement with tests/evidence
4775,medicine,Open,Validate and implement with tests/evidence
4776,rag,Open,Validate and implement with tests/evidence
4777,safety,Open,Validate and implement with tests/evidence
4778,security,Open,Validate and implement with tests/evidence
4779,data,Open,Validate and implement with tests/evidence
4780,devops,Open,Validate and implement with tests/evidence
4781,backend,Open,Validate and implement with tests/evidence
4782,frontend,Open,Validate and implement with tests/evidence
4783,voice_scan,Open,Validate and implement with tests/evidence
4784,prediction,Open,Validate and implement with tests/evidence
4785,medicine,Open,Validate and implement with tests/evidence
4786,rag,Open,Validate and implement with tests/evidence
4787,safety,Open,Validate and implement with tests/evidence
4788,security,Open,Validate and implement with tests/evidence
4789,data,Open,Validate and implement with tests/evidence
4790,devops,Open,Validate and implement with tests/evidence
4791,backend,Open,Validate and implement with tests/evidence
4792,frontend,Open,Validate and implement with tests/evidence
4793,voice_scan,Open,Validate and implement with tests/evidence
4794,prediction,Open,Validate and implement with tests/evidence
4795,medicine,Open,Validate and implement with tests/evidence
4796,rag,Open,Validate and implement with tests/evidence
4797,safety,Open,Validate and implement with tests/evidence
4798,security,Open,Validate and implement with tests/evidence
4799,data,Open,Validate and implement with tests/evidence
4800,devops,Open,Validate and implement with tests/evidence
4801,backend,Open,Validate and implement with tests/evidence
4802,frontend,Open,Validate and implement with tests/evidence
4803,voice_scan,Open,Validate and implement with tests/evidence
4804,prediction,Open,Validate and implement with tests/evidence
4805,medicine,Open,Validate and implement with tests/evidence
4806,rag,Open,Validate and implement with tests/evidence
4807,safety,Open,Validate and implement with tests/evidence
4808,security,Open,Validate and implement with tests/evidence
4809,data,Open,Validate and implement with tests/evidence
4810,devops,Open,Validate and implement with tests/evidence
4811,backend,Open,Validate and implement with tests/evidence
4812,frontend,Open,Validate and implement with tests/evidence
4813,voice_scan,Open,Validate and implement with tests/evidence
4814,prediction,Open,Validate and implement with tests/evidence
4815,medicine,Open,Validate and implement with tests/evidence
4816,rag,Open,Validate and implement with tests/evidence
4817,safety,Open,Validate and implement with tests/evidence
4818,security,Open,Validate and implement with tests/evidence
4819,data,Open,Validate and implement with tests/evidence
4820,devops,Open,Validate and implement with tests/evidence
4821,backend,Open,Validate and implement with tests/evidence
4822,frontend,Open,Validate and implement with tests/evidence
4823,voice_scan,Open,Validate and implement with tests/evidence
4824,prediction,Open,Validate and implement with tests/evidence
4825,medicine,Open,Validate and implement with tests/evidence
4826,rag,Open,Validate and implement with tests/evidence
4827,safety,Open,Validate and implement with tests/evidence
4828,security,Open,Validate and implement with tests/evidence
4829,data,Open,Validate and implement with tests/evidence
4830,devops,Open,Validate and implement with tests/evidence
4831,backend,Open,Validate and implement with tests/evidence
4832,frontend,Open,Validate and implement with tests/evidence
4833,voice_scan,Open,Validate and implement with tests/evidence
4834,prediction,Open,Validate and implement with tests/evidence
4835,medicine,Open,Validate and implement with tests/evidence
4836,rag,Open,Validate and implement with tests/evidence
4837,safety,Open,Validate and implement with tests/evidence
4838,security,Open,Validate and implement with tests/evidence
4839,data,Open,Validate and implement with tests/evidence
4840,devops,Open,Validate and implement with tests/evidence
4841,backend,Open,Validate and implement with tests/evidence
4842,frontend,Open,Validate and implement with tests/evidence
4843,voice_scan,Open,Validate and implement with tests/evidence
4844,prediction,Open,Validate and implement with tests/evidence
4845,medicine,Open,Validate and implement with tests/evidence
4846,rag,Open,Validate and implement with tests/evidence
4847,safety,Open,Validate and implement with tests/evidence
4848,security,Open,Validate and implement with tests/evidence
4849,data,Open,Validate and implement with tests/evidence
4850,devops,Open,Validate and implement with tests/evidence
4851,backend,Open,Validate and implement with tests/evidence
4852,frontend,Open,Validate and implement with tests/evidence
4853,voice_scan,Open,Validate and implement with tests/evidence
4854,prediction,Open,Validate and implement with tests/evidence
4855,medicine,Open,Validate and implement with tests/evidence
4856,rag,Open,Validate and implement with tests/evidence
4857,safety,Open,Validate and implement with tests/evidence
4858,security,Open,Validate and implement with tests/evidence
4859,data,Open,Validate and implement with tests/evidence
4860,devops,Open,Validate and implement with tests/evidence
4861,backend,Open,Validate and implement with tests/evidence
4862,frontend,Open,Validate and implement with tests/evidence
4863,voice_scan,Open,Validate and implement with tests/evidence
4864,prediction,Open,Validate and implement with tests/evidence
4865,medicine,Open,Validate and implement with tests/evidence
4866,rag,Open,Validate and implement with tests/evidence
4867,safety,Open,Validate and implement with tests/evidence
4868,security,Open,Validate and implement with tests/evidence
4869,data,Open,Validate and implement with tests/evidence
4870,devops,Open,Validate and implement with tests/evidence
4871,backend,Open,Validate and implement with tests/evidence
4872,frontend,Open,Validate and implement with tests/evidence
4873,voice_scan,Open,Validate and implement with tests/evidence
4874,prediction,Open,Validate and implement with tests/evidence
4875,medicine,Open,Validate and implement with tests/evidence
4876,rag,Open,Validate and implement with tests/evidence
4877,safety,Open,Validate and implement with tests/evidence
4878,security,Open,Validate and implement with tests/evidence
4879,data,Open,Validate and implement with tests/evidence
4880,devops,Open,Validate and implement with tests/evidence
4881,backend,Open,Validate and implement with tests/evidence
4882,frontend,Open,Validate and implement with tests/evidence
4883,voice_scan,Open,Validate and implement with tests/evidence
4884,prediction,Open,Validate and implement with tests/evidence
4885,medicine,Open,Validate and implement with tests/evidence
4886,rag,Open,Validate and implement with tests/evidence
4887,safety,Open,Validate and implement with tests/evidence
4888,security,Open,Validate and implement with tests/evidence
4889,data,Open,Validate and implement with tests/evidence
4890,devops,Open,Validate and implement with tests/evidence
4891,backend,Open,Validate and implement with tests/evidence
4892,frontend,Open,Validate and implement with tests/evidence
4893,voice_scan,Open,Validate and implement with tests/evidence
4894,prediction,Open,Validate and implement with tests/evidence
4895,medicine,Open,Validate and implement with tests/evidence
4896,rag,Open,Validate and implement with tests/evidence
4897,safety,Open,Validate and implement with tests/evidence
4898,security,Open,Validate and implement with tests/evidence
4899,data,Open,Validate and implement with tests/evidence
4900,devops,Open,Validate and implement with tests/evidence
4901,backend,Open,Validate and implement with tests/evidence
4902,frontend,Open,Validate and implement with tests/evidence
4903,voice_scan,Open,Validate and implement with tests/evidence
4904,prediction,Open,Validate and implement with tests/evidence
4905,medicine,Open,Validate and implement with tests/evidence
4906,rag,Open,Validate and implement with tests/evidence
4907,safety,Open,Validate and implement with tests/evidence
4908,security,Open,Validate and implement with tests/evidence
4909,data,Open,Validate and implement with tests/evidence
4910,devops,Open,Validate and implement with tests/evidence
4911,backend,Open,Validate and implement with tests/evidence
4912,frontend,Open,Validate and implement with tests/evidence
4913,voice_scan,Open,Validate and implement with tests/evidence
4914,prediction,Open,Validate and implement with tests/evidence
4915,medicine,Open,Validate and implement with tests/evidence
4916,rag,Open,Validate and implement with tests/evidence
4917,safety,Open,Validate and implement with tests/evidence
4918,security,Open,Validate and implement with tests/evidence
4919,data,Open,Validate and implement with tests/evidence
4920,devops,Open,Validate and implement with tests/evidence
4921,backend,Open,Validate and implement with tests/evidence
4922,frontend,Open,Validate and implement with tests/evidence
4923,voice_scan,Open,Validate and implement with tests/evidence
4924,prediction,Open,Validate and implement with tests/evidence
4925,medicine,Open,Validate and implement with tests/evidence
4926,rag,Open,Validate and implement with tests/evidence
4927,safety,Open,Validate and implement with tests/evidence
4928,security,Open,Validate and implement with tests/evidence
4929,data,Open,Validate and implement with tests/evidence
4930,devops,Open,Validate and implement with tests/evidence
4931,backend,Open,Validate and implement with tests/evidence
4932,frontend,Open,Validate and implement with tests/evidence
4933,voice_scan,Open,Validate and implement with tests/evidence
4934,prediction,Open,Validate and implement with tests/evidence
4935,medicine,Open,Validate and implement with tests/evidence
4936,rag,Open,Validate and implement with tests/evidence
4937,safety,Open,Validate and implement with tests/evidence
4938,security,Open,Validate and implement with tests/evidence
4939,data,Open,Validate and implement with tests/evidence
4940,devops,Open,Validate and implement with tests/evidence
4941,backend,Open,Validate and implement with tests/evidence
4942,frontend,Open,Validate and implement with tests/evidence
4943,voice_scan,Open,Validate and implement with tests/evidence
4944,prediction,Open,Validate and implement with tests/evidence
4945,medicine,Open,Validate and implement with tests/evidence
4946,rag,Open,Validate and implement with tests/evidence
4947,safety,Open,Validate and implement with tests/evidence
4948,security,Open,Validate and implement with tests/evidence
4949,data,Open,Validate and implement with tests/evidence
4950,devops,Open,Validate and implement with tests/evidence
4951,backend,Open,Validate and implement with tests/evidence
4952,frontend,Open,Validate and implement with tests/evidence
4953,voice_scan,Open,Validate and implement with tests/evidence
4954,prediction,Open,Validate and implement with tests/evidence
4955,medicine,Open,Validate and implement with tests/evidence
4956,rag,Open,Validate and implement with tests/evidence
4957,safety,Open,Validate and implement with tests/evidence
4958,security,Open,Validate and implement with tests/evidence
4959,data,Open,Validate and implement with tests/evidence
4960,devops,Open,Validate and implement with tests/evidence
4961,backend,Open,Validate and implement with tests/evidence
4962,frontend,Open,Validate and implement with tests/evidence
4963,voice_scan,Open,Validate and implement with tests/evidence
4964,prediction,Open,Validate and implement with tests/evidence
4965,medicine,Open,Validate and implement with tests/evidence
4966,rag,Open,Validate and implement with tests/evidence
4967,safety,Open,Validate and implement with tests/evidence
4968,security,Open,Validate and implement with tests/evidence
4969,data,Open,Validate and implement with tests/evidence
4970,devops,Open,Validate and implement with tests/evidence
4971,backend,Open,Validate and implement with tests/evidence
4972,frontend,Open,Validate and implement with tests/evidence
4973,voice_scan,Open,Validate and implement with tests/evidence
4974,prediction,Open,Validate and implement with tests/evidence
4975,medicine,Open,Validate and implement with tests/evidence
4976,rag,Open,Validate and implement with tests/evidence
4977,safety,Open,Validate and implement with tests/evidence
4978,security,Open,Validate and implement with tests/evidence
4979,data,Open,Validate and implement with tests/evidence
4980,devops,Open,Validate and implement with tests/evidence
4981,backend,Open,Validate and implement with tests/evidence
4982,frontend,Open,Validate and implement with tests/evidence
4983,voice_scan,Open,Validate and implement with tests/evidence
4984,prediction,Open,Validate and implement with tests/evidence
4985,medicine,Open,Validate and implement with tests/evidence
4986,rag,Open,Validate and implement with tests/evidence
4987,safety,Open,Validate and implement with tests/evidence
4988,security,Open,Validate and implement with tests/evidence
4989,data,Open,Validate and implement with tests/evidence
4990,devops,Open,Validate and implement with tests/evidence
4991,backend,Open,Validate and implement with tests/evidence
4992,frontend,Open,Validate and implement with tests/evidence
4993,voice_scan,Open,Validate and implement with tests/evidence
4994,prediction,Open,Validate and implement with tests/evidence
4995,medicine,Open,Validate and implement with tests/evidence
4996,rag,Open,Validate and implement with tests/evidence
4997,safety,Open,Validate and implement with tests/evidence
4998,security,Open,Validate and implement with tests/evidence
4999,data,Open,Validate and implement with tests/evidence
5000,devops,Open,Validate and implement with tests/evidence
